{"file_hashes":[{"block_hashes":["DmDOrnA7/tOFZGr3t8u/Sux3rw+4iBWhNdqawgDQMzI="],"block_size":4096,"path":"LICENSE"},{"block_hashes":["Tw0ZjP1e8rAJmSyK6TFKYFFSqBYARLJArVh63I+iYY8=","diBkmF7fkITIzPMSfY2lXM5SVJdClYZtZGe4Vgi42RI=","+LxVU0XSNKRGrE08H26A52NdFhixDoVR5x6+lIbF0RI=","h72gCw+PazRzhg7jFRNOtUbQfgxyJapGtbhweMAIPJ0=","DQ0Uh66njvSC2ruyIsIiTKZS0141A2iVUnQOvg2UEEY=","kIL0Uz9k7iQJZrWI149fbwAZ3V4YDvszLuYGxa4fX9g=","QPEF9boB6ifBsUn9gCHjyonlRQ4v5tvTfkZ8fLTeASA=","QpwDWV3UdPe8TchhchFyh2rlRoJ1wfgBqFO1sgtBsls=","gnCjSGbCBMzddK4+aMwT3T2dmCg/WKr9oBY+GAqq+HY=","uCeaF7OBAHc7eggB2mZcVdx4EAJdLxw4jjqciY6jYNc=","enikEXSsh+zN7VBI/GSmmnB5kzIq4HSXGdOYPBNZKqw=","pBsYJbTWR5C3arqhr6OVjOI5XkSudNAn7sXWOCjbM0A=","PfhdiOblAX5/OTGZl67HxA/WLzSaYFrl4E/sLqEBDZk="],"block_size":4096,"path":"Panel/Chart.min.js"},{"block_hashes":["45sk7zzN/HwMi9DJ6wc8ZtdvWtUzDR5FTgPlUXkGD3o=","J2FBIxFBUR8O5mH1PQMM+Ro1wdxBf7LQn9M9/na3VNc="],"block_size":4096,"path":"Panel/PreprocessorPanel.css"},{"block_hashes":["DFFTVc1U1qO26Rl+p6Fw71nNYxtWACNhaOhEzTfSxas=","wevEfAAbndfIWCwJbeBob3Z0GSvE43wpU9qDknQKbP8="],"block_size":4096,"path":"Panel/PreprocessorPanel.html"},{"block_hashes":["v/lUxr5AyDqC1Cez+snGwxsV2ERWOZ2BGIukZJpiOvo=","riP1oTLWoptTajhFRBkCeZwTTMv0hwu0TzipJBI8B0g=","JfdFYHsAMh5OoKKXECR3GPrJzYDHNX5Wauwd6U7ktOQ=","7uUbE72gTE/TAfHZscaAclbbuQ+F17NYAnD+MOnH4xY="],"block_size":4096,"path":"Panel/PreprocessorPanel.js"},{"block_hashes":["SBvft/VnanBBiR0oq1j70fr6orPquwCjxDfJtrcWzso="],"block_size":4096,"path":"Panel/odometer-theme-minimal.css"},{"block_hashes":["1I/o1pxiSTdzNaelB8Vf/27pQHZWx03aht/ucOZZeJY=","qZe/w+JXq/9tnG6UXvSgSNjbQ20Yb/gcKLijQAUlfXw=","UTbBe6u/2CHjlqs+1u7+c0WVbX+ntfA/gwEEUi9quUQ="],"block_size":4096,"path":"Panel/odometer.min.js"},{"block_hashes":["GUAZKMkw21mjcYT+sX5XsBmQYyPlQGWBomgndOGQopk="],"block_size":4096,"path":"README.md"},{"block_hashes":["exoqAHXGXF5cVXAvfQHm+Uz5OC5OOPN5mDmUBH9+grY=","C87JV9Der6lwKnSjzb83NZbIjVx264esKtZK5ULeg5A=","utkjQ6OSpIf3F4wna1PHJJK7zzit+gcsNgR0EM7A7Pw=","wBZJwf6EyGO2yd3K4wiPdFytz7dB47XA+kvN68qToMQ=","+2BJyhr+GxCywmrCpXHqyyxd+DYTxGko+niVT58ZNvo=","BIUahdwzooDwXH3KNtOMBesKfhmKBwf2d7qSWzMlGxg=","VR0GgkBx0xWqrxHK/2kohtSpXkeGdZnw34fO+M5F2ss=","2mE3cGcUb/slAcCEHfWY371paBvZyWCKIRaeHMYmqJI=","ca5kwCMGzKClgTjlRgwVffvDHhqRRjcCe3prltn0XkE=","pIPGjI1lLpwvtRUW15FR5F6oEzZAMTuFyTJOczCTu7U=","AR+77ILwXMlga5xEFRs3asI6EFJeDEC2uv1LHFsDark="],"block_size":4096,"path":"Screenshots/1.jpg"},{"block_hashes":["41p/mps1QGay53YQg8DJxBVJ99e/1QqQSdpJhPokofc=","yuFtLnJrxG+4qUfDR+7572LoR9wwsL1ew7tpirThMIc=","zx6I6KMhtYInmjKPCMT0KSCtDRq/JrK6rwJYucIzw5k=","aGhYqRwRQaLtgEXTavWAPHSVIIXd9UPhrRwAGWxuSwA=","Ye+rPLoEhWphAJSondyxuNopNQPnE6OhNch0s8U7kiI=","sb4+N0QZDZ4wvqLNc+PohxgAOgOwzNQQDw6rje4/bzQ=","VrM4G33mZk3+vC65IdWElQ0lo5gRgIy6F7Djr8iI+lY=","q9MHfii79FHNh3lbsh3o9y/lTRscL84X1oUTmWoy5CA=","tplVKogOLHbJXN+RlZpolOX5dtHgo3zZ2qI04ZX9R8w=","nbIWFsmdSzheJ0fcjo5KI/BAC9O0K5RwOcdaQSc+cSY=","F9E/sIOV8VaW76mmlVoHru9i2XE0g2zfBD98QQ1Br/c=","29ryhCB2aJQlpCkp9VjL39TshPfHYJf1S+/HgkBHZlw=","IWFiUoeAXbNTHoWs9SGQ0L8Jy64NnXrpAIuemQRPiFY="],"block_size":4096,"path":"Screenshots/2.jpg"},{"block_hashes":["dWbICT5ylxCtm8rCg0n+Aa4pwcGtWGkx3AgxD+/r6S4=","DWbbj34h1DR3Eb5+j6nPTJNlzYwFQOk9AhIoGUg5F9A=","Muu7mj9yYnQjFNeSLmaDz763J+inxlD+pAeJzAfYT3g=","8HuoScD4wsXdTzR9yFdSaE9lvSabhQG33ScR8C48HK4=","23/hBhtdT5BMDWzQYJKCXx+0lUxS1N2a3DOb/HX4juM=","NULnFVQLbFORsUhVlRLes5/J6UUcpW6vr0sGr9nPygw=","p2gE9znqiX3BvKpfwNzoks2PH9HiMi0+51RK3d32NF0=","X2tdIu/glIsnXDN4uUxCAXHE/LTZt2bJGCvHzAWublo=","sY+7JSMY0wLhJpTs1r/D0tEjhGY7wyLEcEo3I24uDqU=","5O37VEvrI0rGb1I5x33VsAtXuT9IW67hnWSo5rbghEw=","IttpKMXVqdErBKB/1Xcph/iMogRwSWk+aZEQYm9g0OA=","DOdL0Vd9WZh0f4CFkXVyTt02ne7bsREoR10CtYLiPbk=","FLbCSean9Zi2rffeZ/hHwOC72+O4HuNqt7WvLamFMq0=","Z8eWubLcw6NfoWjGq9jOODXI6KWN/LcsUINKQMWp7mA=","1Q5z4ESgm7MjACKu/oqh4dqYyHCbYw2Sp+Ts1F8qAjU=","KL+MzJpnWEYgL+AM3sZ3wvEUWNyKzMa4xTyNTJV06eg=","bn3/XjO8hcWmXvPMpA9GAYoIJ6MsRCkPp1+49a4TF88=","oFzQnkW0oFXYPkRS9jRUGWzK0P9xVZrihNG4HL0n/lo=","fJxBUYmJebpmS/NJTfbiI9w4R4ZuLnnbGH2bZheAA8Y=","5Az0vLg20iB0bZ/Wq4sUgCSeg4peyVDKpX6/VeguH38="],"block_size":4096,"path":"Screenshots/Console_01.png"},{"block_hashes":["9493FNRDYMs6OtUBshGr6AanW6UQtttC5A2CaIS6ivo=","8ARA74MX+nc6N+rrcv5k+ZIfE0nTvUnxPblTG0m5kHk=","TKY5lCa+wQ0gzOte4uEe0XhokggcOVQufStHZ5pStOk=","ldj4BOsbgak72zsMTNH6i18OMqu3bKPonRyMCNt41VI=","KTPTNWEv9LatrYHP5mUNzxuk8Fvrg81dNrDZdk02NR4=","Yg3zz0ySYyLPIjJ+IkSVx9USuZyj48kB768i0UMNwog=","jRCXJ9TtFqRG8UTQh0Cs/PPt+rlWxRneh7RgKeRA/BM=","j1CWBKrCTf+R9zLgzzKaK+e9XWtYOTb4VmgqGaI0CFA=","xzDYXLQjJLun/hn9RHQ2H8V/2vdnLMlV5fjtoA72NSQ=","LMyUWqU2T68LO7LTxrb1A3VvtqxXuXsWSatvVma3HQ0=","ktt5eMPQCT4Valt4L5smchcgnuHBNCTo4G0rizKascQ=","818ZFfu1UW0A2/j7cvQ5mYuO5zYupdNBOSHleiOFllY=","GfEqzNybM08MFkxmSTHTCMOvm/dqoxqRePFhlj+tPqs=","GfhV1MjwHh09acTlkqHprCdK/mK9gWSekBwO0kDmFiQ=","3njXlPOT2ZtnheE2LfBHpXcYQ4MowNFeS5wCp81hhx4=","+XjA+fV97TFrPkh+83f36DKaUJGZtrUK2Gf3Ogca1D0=","ieykQovvnrXFLxB4L/dDctIk7TDoklu3OFX1kJkczSQ=","Gvhjlv6BsMdpNxy83+vE4OO8MolW+T9CaUF9rJ3zV/g=","fsl/6ZsyCCpSIHxIKVsYa8ZoAtXObv1LQ24LzkqOBvg=","zWjFoK2JqbcGcO9T/JQ6Iz+h4YRCrnP81UMQS8baUGU=","lR2huU49xSfjIiYDbIKyP3lYz63ezuZEN3Pol/XDlkY=","6pp/C2RUzlCWnbByGkJ/za+ET3uaTVvFm0DKHqUDKvU=","SECvFmn833S4RpmLO6unAJ5Ap1F/9ivToJdoEB+yJts="],"block_size":4096,"path":"Screenshots/Console_02.png"},{"block_hashes":["XYSLY8cvOzbkJseIQKPlSCX9Nc4AmaE7bLOYwIeBWsg=","Cs+6FvhiV4yXloKt1qQbn/5/CtSt1kmzz5LFQvuLEzw=","6CxNAQlkmbJ6zxTwBoRYa1lJgOfYWlHojiVlEghrTb0=","KiMVU5vcrg6NFMpdRuBWuAtGAuBa/XCYK9KBnIlVsZM=","2cqvzyC5JOySwgKER4fG0fTy3PMmJde+j1/qDqASe7s=","0wF0btw3JP/+pGudDpIq2ZniWTv3j+bhojoEFWlsv4E=","mBu8tk68+5GNEgD0Q3R05gWv7NavA5EilDZFQR+VwOo=","r4k7Ym/2rWf3JhtqHNVKWTgnuFa7KuAek72/KvIDNUs=","sXlyMbosUk5KXO2RsR2vfUFuRaIKhRRco11lKz7jIA0=","+noKzj+Vg/OsAbolrK/HYQOOOF3zc7W/+lZFND3YCn4=","WmmHCAoqkOMtL5CZ4nO9OR8jrweVISSQIRaUT8QhPX0=","DbTDVXOnN+pP8Pe2a61S57RUVEi5IByz6MMrCbvAGkc=","fiAv9FcntdIKUAoNJ3+8zWOzH7q9ldi+IQ5+BxzEED0=","7/yVcw/ZbvWU2ARg0SHyENECjE17DRT0dCgKJhX9ZFk=","aNs1ZZESJF9ipyqdZzczQNv7wwyEwYSvaDSRfSBDipA=","6VeTnF2DY5n3yhO5GoCA/4Ktoa8OpXq30rsyF7TwsEM=","OIVMlpiYqif+iK5uu6sYzA1hk7i7fBO4zbWRlqR58lM=","PeYZGo662NQMtcQIodbTnMoQ6Yd58TI7fT7wzCHlui4=","xAQ2Uj44VzF56ImF9qmxL6uz/vRweeFhAIgZop0YA+Q=","slEnYQ+fSBQz85VaKlyqCeS+Ag/ygO4DSsNe/Ah6XWI=","bRM3+hYfp6KrSH7a2hElWwqmC6S6gnCpxH/An9WLEwM="],"block_size":4096,"path":"Screenshots/Console_03.png"},{"block_hashes":["W03fpKC4q97VkdRQBZnRSJmf1Ax3on820uZ/WiVu22I=","vvax9R+diow2EaxENF+aToxYJFZs0BbEH84sXkvZbzE=","ll5wv1KGn6848t9KOk5cHqJFutb0axEYv9I5JaD+O6c=","N6KxybhiEosU34cp0Ul8ZoIqHkQSbTnYqFa22pcW6QY=","vfrEtwJTWkYFh2A9/XwZYL98c7QW19zPlG5w2TyxyDQ=","iNYukcjKg8CFa9liEdycr6YJOZx18hLpbdWWRPJa0nA=","E72CDcGxf4knDxYGZRL0RDIGyz+pQH+TLt32r+cMCL4="],"block_size":4096,"path":"Screenshots/test-case.gif"},{"block_hashes":["nAsjunWeQ7Bv9rmsZaW3FqaYHT59dy51JoTg15t0cmk="],"block_size":4096,"path":"chrome-preprocessor.html"},{"block_hashes":["Wbm8baYonYFB0ITz0ecDyGEToevypT5/Stzc2gVIo2s="],"block_size":4096,"path":"chrome-preprocessor.js"}],"version":2}