{"file_hashes":[{"block_hashes":["A++s4wv04ABCJYhRi1RKXk7Mm6ZMY9DpiVp7ALi/n4A="],"block_size":4096,"path":"img/Firefox-icon-128.png"},{"block_hashes":["d0O88NoMNY0qFInBozyLluMtOza1HR6mRDy1UIz3cCU="],"block_size":4096,"path":"img/Firefox-icon-16.png"},{"block_hashes":["Ijv/gwyehhDTHv+HN47uO/i2Qp6K89hvOfVpP2OuLMk="],"block_size":4096,"path":"img/Firefox-icon-48.png"},{"block_hashes":["odV44CXvxEL89sv0pNbRtTzTRbN8VmFNi1KE5BTKpa8=","z5D+hUE35KYUXEJ1v2PH6Nv0HqNwcapvlYw1751gzug=","qrtNFoX99SujWm9yxLOcTGjlOMBX28CGWI3uvIiefkA=","Kgq+wXx9MYoE6UUoDYFagjxtgTnSNehiFy8nPvHLSzQ="],"block_size":4096,"path":"img/icon.png"},{"block_hashes":["zJamw4nPE/TDWw1h+A5ok6/P64YSNwB9/Udlxw5Kdlk=","wU1KF31Mcl/pRt/ES91Rcp3m7TIe7Fhh5DegcAbsots=","j6qomSa90eEy+uHHs7c6UF647ayVnsQL4fzBo1uF10I=","OM/dbaH7akJPGbOYCFgwofqoxbaFAsp4skWJvvZrMk4=","gz98YMcngXUrdsz/xrZkyuGG+gC+eyBzZlhHljxLiiE=","nP9Forjq2dbWV9OEIiTfsmCL8prtA782LTCsQtrgBTU=","UxwsNBk+dR3prXtKkrQzvsjhlr5KrPX3Fi1mV2qX6aI=","g440Ay2T7XaVb2gS/lCKPS6awZFDeCCf5cf80Nc1oOs="],"block_size":4096,"path":"js/background.js"},{"block_hashes":["2sYkDWOtsOHIg6DU0D9c3JnxpaerNB6xKulq8oKZzZg=","nlSuqeojfzDHnalcnwkKWTLd60qa/q9WXkhNKSnCovY=","QvPQvnCqMLI7U4oeq2+ck2tUNdqwxISMar/9E+YCUWY=","qCJopD/Hh1JMaqt7D/QshfGDbN6wG6bYnl+ReRmjBk0=","cvo821p2I+hN3r4KvdX2NsRp/f+KJweHO2lUlZoy5DI=","uJJYRqOf0Xbwo0G4ltoKWjVaWKj8biLOc/F/hvL3000=","anlzTVCAKt4ZxgxaxfiCnt1PbQ1BUrQH9JQfNr1OmJ8=","ej3EQ5GHPWa+E1A9Di1LgJiUo6FsxWdqzUL3PQsIMcw=","6r6U2Jl7L3o4IsFKAARbY6J2swLJNrTUGXo7YAyA5j0=","TLaXUjdEYluXPttqW2midFIHZ4soD9ua5/vMD2mlF3w=","J8nd5/+scqBb7D2DpBhgQ7jmvq0cmQrLwMlM3CmYv2M=","IQGEc9BBZCfrvazLXhiUa2hVB9QbBnf7cvMtG4vyYak=","LGnhKlK94lD8I6TAUysXzsKVwAqQa6gNxlq1ksxy4N0=","hxWzA9SGGI19M9GRMQUY0vwKWBvYRixqQjOND0M+UXs=","Bg1OYUtzPQhYOeeb6SWbEwgl6wHOMVoyBMi9frNw8B8=","fNbELuejpDEUfiQNgiwgtAAGQ/EzgAUIrmjTv+RI8bs=","A+aQHBTNDDT9y8yzSm9aK0zTwAKxU+wMzDuex9NlGss=","jm13O9xqCF9kFuDTCDNdpUkv6VaiVh+nbhMYU7IIzg8=","cHNNUrIAku80lEtEcRDMkk6D0xkahzvdOxbhiOBDmq8=","M/PEB9D049yo/D9MyZSxtVT9MjqXKdqTPgi8mZOBKFg=","s0IzGNdlF5xnISJa6bZT8Pn2DsD3MtBR/AB5Kxais20=","FBK3fqTDV1IYZz0MbNThVueCw26cGoRsQ7sKpCP+fpo=","tuddfLv/7CNr7n1FJgXP6tEE7x1sw4bhtcKTxMHFGhc=","QAsxO1ISTAaNPlJoE6VfcDR1yKxiRi8Yixyq3flUAAw="],"block_size":4096,"path":"js/content-script.js"},{"block_hashes":["pBBVGkWFl14bQ+J/FIZLeDdC/J7IVFZqYXaa4CuZggM=","zZ0xjnZQGbVxPl40/6UP9bATWjhWtjavZ411EqyPm7Q="],"block_size":4096,"path":"js/countUp.js"},{"block_hashes":["0UNAQUhoE7WqjYMn0QhIzIts1vx71fWXLDPAHiC68z8=","gGwOQMApQXznfTiBGRQMyxGeFcBIpqLL05XkyJ6/8bI=","9L2EbC+4uFN7JxryWC4Vwy7MbDe+zp1+YcFi2MIBS4E=","bDZ8WG9371MoBtYPSwp/+WpgMAB+F5lPTMZyDbAyROw=","YFn1LDgjmiLZiHjhS1Mpm4i64PMS9Stj4c0eBZnBRZw=","he6URIVC0V8ca6AXVRVQzCDRVCjJKUBNyUeiqeIlEW4=","bpQoJDOz+fyKWsWYRq90qCOxk+WFhqz26vpmxnuckHE=","1wQZXVyfu+4kW14SuiA6IEEMUAPO3mMCjnXB6vVKISE=","ZtaA3wxet0rIjTgloOaEMyXBq/YSJ/tNGlWuLCLuTyk=","IPnKervdPONtmQ6nOKxG6iDktSfsc38kPzwLBIR95wA=","5q2iOkW7Y5wrNxwg6v2bYWUtQCiyEc8ZV45C69Ec7c4=","VM5MuRHtjLu9vWKZkMsTdbrAHAtNWx5sssC4dPZ8ZoA=","04jnl/IjERC7TIS+CcDVSQ2OOwKR0k9paXUWcuEo6xk=","GbFRwM2S3eECLMVmVMXSG1M/3UnaxHRNe1GtKOPuMFg=","Cuy+SlX826uKsSmZBeB5GYthlkJptC7SeBAdLMTrANY=","9fdsMa2s0nRsdhTAtgJUyMQArNAypI4KM2XKPO93+dE=","RGpX8hEdfkkRDhQ6ShmlOAdFeQ+FwFrfGJZf4A1H2Tg=","Xy5WR2YSZ6/ZB1VAsggljGjiNw/ZMo03aWAq83FrYNw=","oeH07JoVuQryFZm+NcYT8dx05bvKcjHl5D4VMWJNPGw=","S8TGMqNNX8EstUkM/wVMOdLLzMq/WfeyPMLNjyS5bSs=","K40UjhChI6A6e8VteiBtMngY4rJ7BsVE+wgQa7b6BN0=","B6m9GAogHjouNwYGNdM+UyautVAUSmQ/dRe/EWtGZ8s="],"block_size":4096,"path":"js/jquery-3.0.0.min.js"},{"block_hashes":["Q3aMy9cfq74NmslFxqTMwP+98rvgiO0jzmpVqaFvIgk=","6FGvMDv+xyLq+5fgqhYBFQa+GGggzKvyICT6k2jfHEI=","AEcSUbc/BZgpTf+MiH7+/i8/cuPyeZ7yNlnGs0PZPNs=","Rv1ZM/+avEarY/iP3bzNQBtWZ0pTk1CzGIDaGSY7tkg=","+SDNG3L7jhhB9r/SdN6rGGqvby+eK/dH9A/ezErTZRo="],"block_size":4096,"path":"js/popup.js"},{"block_hashes":["YWeP4vekWZIFDMRn7qVeAEMnLTL9SNOpD0wVZse7QHw=","IDCkB6inQXYAH0LxQgMAtDIBi1G4nFlTaXRCQDF64Qk="],"block_size":4096,"path":"popup.html"}],"version":2}