{"file_hashes":[{"block_hashes":["lIOAAi2mkAfsDHdQXQtxLwdL3C+1Oi0vwp4jlftB+L4="],"block_size":4096,"path":"LICENSE"},{"block_hashes":["GPDBkwqD59USuwLjWkJ6/UlHfJGUWV2p8YkIfOVapfY=","SXKFM23kgPGdEpq89Q7Q0oRPUFxUPaFiuDWknvPJrVU=","beK5XE6gcPinAO6JHJEWZOp9RrlVrKubeSwzQdpQqTA=","vnx1ez3XI+d5GBTBH1yoSqhX6GQQpJ5/0KKELd4S4BU=","zcENzUhXS4SCMqC5Pr5Pptgw6QVbaZfV7YBtKSgCvyc="],"block_size":4096,"path":"background/background.js"},{"block_hashes":["Xohuu5sXhTeiIeTCUItNa7hIjnov1kC5cnicdneWCRk="],"block_size":4096,"path":"background/content.js"},{"block_hashes":["E5Z/Wkrw/YXd4nbJAZhUC/cXq9CDQMPm+xmFEzZfFkw="],"block_size":4096,"path":"icons/128/js-off-grey.png"},{"block_hashes":["alCZE0ZAo7FIPlqTxCKXllo8f5DtNYYMlFdMvO8mvCI=","XzlfkFpNOks2wmJtgfnr5crWyFs0kmknarEMH3Q0eTI=","vFHe7Z2R/ABsG2KHu59kHlYFRvSiCMpxdPicSCVs6Pc=","HExOe6swJOrUf9qFX11EK0GZKixWu7zh1RGIgnGtqNA=","cqNhu9ngJcZ5y1LQzqRQ+eVjmKdy/XfqXXj5UK4tZ8k="],"block_size":4096,"path":"icons/128/js-off.png"},{"block_hashes":["ykbrejBhYHA4IrW8Z+JZhwL6tppQkgcVBBWC0ebPlvM="],"block_size":4096,"path":"icons/128/js-on-grey.png"},{"block_hashes":["FhNmvtD2OtlhpdvY5HwLGcXmwcb+W4WW0l9deFaOVl0="],"block_size":4096,"path":"icons/40/js-off-grey.png"},{"block_hashes":["yi7eQf0BkzX+pP9IoSXDzKHIgOqU02pvLvJiqUgZX2o="],"block_size":4096,"path":"icons/40/js-off.png"},{"block_hashes":["4Qn5FZUjzPycnY8Goi3E5ZZDc2IhAnQkOLyT0JG6lAY="],"block_size":4096,"path":"icons/40/js-on-grey.png"},{"block_hashes":["LqKjpD6O1VIrZIEAAkAMs5hMT1JbaybdySdPHqiK6vo="],"block_size":4096,"path":"icons/48/js-off-grey.png"},{"block_hashes":["JshY94zJfYv3c8NVGDrpMMFCaj9FFostyRZqf2e+pSM=","diRKFqHAuHg35j1620wEn1bippmb5DyDZUQTp+jJ5Q4=","Whk0EJfWKfqhqF8GoUypKanIa5WqXw40YaT4uHrHJnY=","dkR+R3ztxPGWfYq/EnUmor87NxDP23ZR45NCepgtc+Q="],"block_size":4096,"path":"icons/48/js-off.png"},{"block_hashes":["ppiJpOMmAmKlbSvEXeWumQL15RTfG27cfwv7Rl4Epds="],"block_size":4096,"path":"icons/48/js-on-grey.png"},{"block_hashes":["1Uvd+QVKMiVyf+YcfE+fTYmEbaFidsoHCIkrbYv+irM=","tbOafZJxMVSfpSgHby5ts7dbVtqGVR8BRE4TVDqHJQQ=","PEXdhFMqS/czpvMMAzy/5n15tpj5JkBQ+qYtW8Y1W3A="],"block_size":4096,"path":"pages/about.html"},{"block_hashes":["JVY+d8kURcKgfKAR/un/Gkk8D/SiJXB0anSA8Rhs+6k=","oMzjMmO493OEiMSwXYgC0EgsUfrV3I//eqF3Ddn6ITc="],"block_size":4096,"path":"pages/dist/css/style.css"},{"block_hashes":["FMDD2govSde3N3UlHqNaKY68nIXU8H6Yp9SBRH1wELg="],"block_size":4096,"path":"pages/dist/js/about.min.js"},{"block_hashes":["Hy1ltnE7RZuVVklTjWLJgCVeJ1UvOV/UUzk3Lb0sCRE=","kPFA1WAktEAo3upRZlIEiZbSklaNJBX3Z9IdVdEhliM="],"block_size":4096,"path":"pages/dist/js/options.min.js"},{"block_hashes":["+TcnsP2dF4FkF/y5AOHufS+a543oU50k3HZ04qnHY1o="],"block_size":4096,"path":"pages/img/favicon.ico"},{"block_hashes":["KjAGtbQUPHlnofTxAgfqz/KzJJjKvJcJi4pvFyiuk3Q=","U8uWNG4EqAZFyGOnJGohMw1VAMXgIbIUWqUv5yecsa0="],"block_size":4096,"path":"pages/options.html"},{"block_hashes":["jgPCwUrqqpoHGkSXfwTWICJSpeDMg6/hye773D98Isw="],"block_size":4096,"path":"pages/vendor/css/html5reset-1.6.1.css"},{"block_hashes":["j1fzbCNAlT425Utwj23eyHe/MoXEQ/LdjCtIv2/6U3E=","50MuxwoZIihDfsJa7+dubBUzF8lu+teZpsuCRgjtmsU=","zYLXhsdh7yjS8yThGSO2J0CEC9Q43qlwzs2PYe363rc="],"block_size":4096,"path":"pages/vendor/fonts/Nunito-Latin-Ext.woff2"},{"block_hashes":["yJQkfT+Ay2rAyexSsRX+s+HPREMaK6mqj+2LVjlUfhM=","3xtaSqBP+lAVbMgUy+iM1mQGyYecM7VIDta0YNDM7JY=","+5+UATUEp5lz/G/uItCVvMup6h7/Eq1ZhSTqek/hqdE=","baqcdPtn82UIT3uXqRFDU5oaDhKK4VC9zyZJLpcdwyw="],"block_size":4096,"path":"pages/vendor/fonts/Nunito-Latin.woff2"},{"block_hashes":["5qbo3TBDI1LfH+dJQvJItAiTh3uPz6b+DCGchImyFvk="],"block_size":4096,"path":"pages/vendor/icons/search.svg"}],"version":2}