{"file_hashes":[{"block_hashes":["Nzc0vyIOVdU/CbhJlD4dsAPIdZ5mS4IIjyJfprGE32k="],"block_size":4096,"path":"background.html"},{"block_hashes":["Jip/iLxHyf9oM3RIfAxJOIh1/LZaFTGd/ryP2pJui/Q="],"block_size":4096,"path":"css/font-lato.css"},{"block_hashes":["5B3fuOrE/T57aaGxLfVsfXU20gMeeETP4T9e8aaF4uA=","898IKiTgn5QQe57DXw7xXOhDrLj4KKwZbWX4SOhh3Hg=","kQVDP4cKEEsSrDStS4ahyVEn6MyqJtLdWoJ0yqw+GvU=","qGJMmI+mQt0TzrfBqryHE1wUv8VAffFieLmjg/JXH4M=","eviHyRCS0hKLgjhrOAMUmLJk8z8Bt2JMBbFWL+8XA80=","3YkWIY65GMo7vpgjrqdTlCkzwskeseY3l5W/0oe1UDM=","rfkwMsBJBWGANVd5dPxhBvBeQCt7RvUqr4HMLGM/N60=","HKD2akqgYMKRUmLOYBQGK7pCdWmQ6FcO+TntkMJuJp8=","aVowchb7FwLuT7O4+wY/51uf+IugxOwN3OyBjY6OB2g=","VGVjg5tdvt178IVuBnlaZDUuFt1rT0/km6h7K7lqEj8=","SzV3x2gzC8xSZJBQdgq/LRqLN32ke6LlnY7gvnZDvI8=","7zoWpMhsX+JJ78ZEe4dMPNNqdbs0yBZqcrYZi2Ny7Oo=","pzWoncLWfxVdt/cNDLv4DWhKg0hSvYG4p2SpHhtnwEU=","2VDTPzybCCdvJdEJ4IIDG57HI6EB1ywiQY/MgSYewJ0=","UNQbucn7VWA9c/O5UFhDlq/3H1hp8w6MsPkO/kQAKV4=","chSatXXhdJsKLWvDyDD1T5y85TMkhQuY5ex62ghMrnU=","pLgh0nQ+tFC9ndZg8U4M5Liqc4rbiOamfVMk6HBYVNs=","IhAmkG88ljd3hHPl9AQzWE2f14Ina9AsmeXGNxQ89Us=","7RpuuRS+mgp2eCR9n40t5VlqZ997gDJ5r34MhOb8X/w=","dCAa64y3byiYEIB9oXG8TffV+1lufUl5TjbctSDIWLM=","maX0NTl706WQWbaOsZ6/VGwphj9WXBIoWNXQz+PUl8s=","n6CS1ookOcctv+xKCUWYykoslBisxaV/Ht0yr5hIGZc=","5a0Wzwwns2O2aY93V/FIcMpc0W+cKfFc8OjryAxPVQc=","655eo8jCe7ggBFI8LKkpom9uoxDg1MIk5o+VboT+0jw=","Y93CnFLtSmQYZfdezzJ0xL5ovRxfppZqrA/dVrCCuw8=","s8MyB4siiu7IuBFxHemvXQuB2K+HghioGy3R/Y6k3vo=","gXy5VuzJAdC2j6SZxkku10I1tfqWxyayRzCGdB72jBo=","y0yQzhl75XNHiW5MxCW8yDSlctqKBMrFgrpjuV3PLes=","P6dgfyxG4Y52OtN8d+xDS1DEvN6zK4Q1r0K6C2GPiRI=","B5iVY87K47bq+6hw9YpWO3sxNLv8atFl7tHe3Ek90aw="],"block_size":4096,"path":"css/fonts/Lato-Bold.ttf"},{"block_hashes":["G4x65UHafyy44rM4GKuBM9bMpUZRRxOyo8cHcqgTCgA=","RlL8GTR3JlNDmLM02qQLbGTgnzOCWYYPGFDOOmNdxdY=","NEbf7tYi4Dl+3oZ0BOlLqII7q1837P2RF6D9elqfsdU=","EYKydtje58cKuIhVYsxIADLoKMKhWVC1lfldFFBYqYE=","DOv+rR+mBpvARIczHa2TBESPMAafqUqOO1KKU3eEneg=","a5dPq7Azg4th733yvs2NHjPAFdI8EtvUNFyCaBk0fws=","rZd2perovRnJISf6dq3AcI2608dRpL5w3GtSNH+ektY=","aeV6jC6IyGKInZLpGkte+LKnFXh3oOokZukUaog6pv4=","Kr2Rw+n61Ci40KKas/jKtNQk8Nhh6MIgiXS2M5WlznA=","wvQH7fStdwjuCxnpYDYBelkpEfIaqy4mso1Mh9fCDZ0=","H0NTjEoie/5u190ObGDAjLqgmGF6VMuY3ZJQTdvIrVk=","hSh4pWofpPfSpKo60le4bsYgC9D7SXolDdEfxPUtN1w=","PMP/xShLwGlsPjB4+U6BQfzPuazNAMvPvkZIF/XzrSU=","75LjN6qdWaqQuxsqDiNtVUQx7riGUsNIdhZ7zYxAV0k=","WZExazmJJQIBHzsdUKj/vz85W/PUV0065RuCJ1GvKrc=","kOfgPMiSTit7WUdH40wH28svi+9ZioFiFWNahtB1KpA=","L3c3WbNlw5TSTySKipwSBXlXUeBpzjuZT8ncbS7wwxg=","KzEvWQUofafJPY0j8D/ZuFz3q4c4pC/GXisLrzUioEU=","mJfuidaeoTXKQp6TjlRkC5I+KCn4u4dcQxtjkJEiic4=","cNwrdRP+VjcnP2sbFo8kem9G+0mnA5xdjuV+KXkoseU=","e1JXVYeRSkXYnv95fw6/fSnJ8r2btzqRIFg4odyEbSc=","jGUNih9oN196Ii+Y663F/kgxFlxFMWS3g3iMn6DN7y4=","1eIurgW8ITT7BxbBdKhIVv/ab9pkgv2YCF7TRIebyuw=","8Y8zH+WBejZe7hh90Hvt2kNA28B9ElRkynoU20qeAIU=","N+M2e6V7DSBXw73D8tPN222iDs98+YulqQ9t+lIkIyc=","iX/oSGwXJuhvLr6KykekJ2TbI8/4q84NwJQRKe/5UBQ=","2MHNsEAqq/2wfTh3gQ3j6aow/uEhURM/3JEamRKdQDk=","hbnOlFuGgOE6V8fNUeyFbCa9frHaL+mpzLXUqcBZYXk=","csnPIkXlC1J0NaLwnoCrbr2n+ZOK76TPrqGz9RPoZME=","zYk+KtHA3wHN1mBYZ2HyvIi/c36x1L2/FHBB20L63yM="],"block_size":4096,"path":"css/fonts/Lato-Regular.ttf"},{"block_hashes":["/6uJAIts/S/8DpPzQEUuWhBodBDcrZeFv5WLgFZCdHw="],"block_size":4096,"path":"css/notification.css"},{"block_hashes":["xMEokgu6VeOXxGwDrtlqjJLrOiOnuFfxlDZqc41HslM=","4ZDZ/Dg9nOJgzlJEXM9B73Ervdh/tMURVHPzi4DmqQI=","dd8bZh3O35jiSxorwvR+LppksxEhCUwqSppvt/r7RY8=","TNOsU5pSHpLwO7QiGytpW4EZtq1cYCmrzeod5+51Bho="],"block_size":4096,"path":"css/popup.css"},{"block_hashes":["F0dOjNY3qwxnxVxzqmp3LROhiTrxgUXzEXfIxWv6Wtg="],"block_size":4096,"path":"images/1.png"},{"block_hashes":["0B6vU6PuqjhUuwJfq4eCT6aKIK7wRmGjZsuKEN1a+Qo="],"block_size":4096,"path":"images/2.png"},{"block_hashes":["fAMn7LoJmAG8f/xHfGVCE5mr45/6pJPmRIE8e8dmoP0="],"block_size":4096,"path":"images/3.png"},{"block_hashes":["bvqyAluVjOR0AQjVJcU44AB7GtJ96bo4nlhnkd/49sU="],"block_size":4096,"path":"images/4.png"},{"block_hashes":["3sLUen4L6n1/8I/JkAtF/NOBwZznKZUS4dNj3CWo9oc="],"block_size":4096,"path":"images/Email.png"},{"block_hashes":["icViWqDs/qpHrp2pkM2lq4D+gIirHNVe5zlOhw3l6vo="],"block_size":4096,"path":"images/Facebook.png"},{"block_hashes":["yveozEsYWQrDjKmCy8QnEXkPhjdVmU6lSm72+3Zkbvc=","U6uar6FhR9I/Tg12n1dMnxVK1Fwx2p1V1b6irdl6Zl8="],"block_size":4096,"path":"images/Follow.png"},{"block_hashes":["U40DgudGzt7DacbpgeMHJEgtJupVmt/33mDngh3ajYg=","iaG/quG/+A7TVHgSsof1Ofpt3Ot70NEfQ70wWxHMIkc="],"block_size":4096,"path":"images/Following.png"},{"block_hashes":["p4tz0g1AJKSMcrzgEgPk+qigHSIkKX4JmxiFGGkvJY8=","JJxd7alekmhlHIwIXAgaQ9kDPdtQ3ZSM3+C7t988D6o=","KDEXXYstjVJ1jvWM0l9XbviuM/LcNXQew4FfKKJOLU8=","bugOULluJ4zO9wqfyHJl6wq5/gfm6lwJdnyWzqnUgys="],"block_size":4096,"path":"images/Logo.png"},{"block_hashes":["RTAWPLlOX0UtVfLTkm4PdeCiF/YqE3y4zSKW2Lm8lXQ=","4izGv75d2iiIiRjDIXDpWubsZOEOv/mMPkhT3YTeKu0="],"block_size":4096,"path":"images/Share.png"},{"block_hashes":["jvPt0TbKMMMTVJWu/DWMBEwWYfkGz+//q1+LhFyCQGE=","F0GtjHE83zgIUx+WOS5e5Z6vNkrJc9lA3+r6zyNRdm0=","y98AHKATDnqYTpaziwbEJZV5Ok3k0vtupbFSA7ZxgtY=","29WQ15O2wOgouNvy5AAp+Ql+hcgtTunSQEqHSTuRIh0="],"block_size":4096,"path":"images/Tick.png"},{"block_hashes":["ScRTmQdKavB7F21Vu4Wz3kKywoib+e+jcxC05xzxT0M="],"block_size":4096,"path":"images/Twitter.png"},{"block_hashes":["debnkefhCeD7gMhVD7ITdxUjPAZ0TpaH6FQfFOprXPk=","+cZXrlWLzrQgMjL7mSo9454Kky9H2PcZq865KxMTEUA="],"block_size":4096,"path":"images/already-following.png"},{"block_hashes":["QpWIzz0DyDIWEaeLWeu8DFGcOxtpxG9s9HvNx7DiODA=","tDYtGyE1gnCkbKShu0+wBQ8bb5+V1MiQuILmeQifs+Q=","+/riM75u9ckcqPCpaPEHTjWQ2HCcJRNPbbv/sMBSouc="],"block_size":4096,"path":"images/back.png"},{"block_hashes":["1mJar8UBjwIwxseNxIN52Grk6gPb52dKzlQL8n3YeXY="],"block_size":4096,"path":"images/close.svg"},{"block_hashes":["9zlDHaBKodoFi6Yf/KAY18IowAuZJyAq7OLOPXTQJBU="],"block_size":4096,"path":"images/close_1.svg"},{"block_hashes":["S9ke6avrbZrw7TGW3G+egCao89dY8fizaQ3Nrsxt3W4="],"block_size":4096,"path":"images/copy-link.png"},{"block_hashes":["RjWA8Y6OCRXgqZutcpI/2Tq8GQWJ3kFwjVT+Oc5nveU="],"block_size":4096,"path":"images/details.png"},{"block_hashes":["IcU5K0GqfsCJ4/EuPJw/1nPt526O5nPgdCMN98n4EiQ="],"block_size":4096,"path":"images/favicon.png"},{"block_hashes":["ynexHlOKeumysQuG6AXEr+SlgxlJPmGaX3X/Ephufh8="],"block_size":4096,"path":"images/ios7-close-empty.svg"},{"block_hashes":["rkk9zD2TJaMLzPmLiMHEZ292/mrU01ecIAP7HZxMOV0="],"block_size":4096,"path":"images/link.png"},{"block_hashes":["RKAD5x1BlQyY8lddOzzLe/zGqs9nS5rM7AvbAhlUpEc=","+nC2BFLg3hHjZ6fMd5LmCoghBHcZ+6e4shr225pL9YQ=","WLU9wtJK9JtbPaPK+0UBVUNUfhCHDj+poa87bhLUnwI=","Xd5XVrnnww7G/Az0RU/X6LlqwG+0diVfFCpXtOWVZ/E=","GcPS54719HbCsps1/ItR8EoGqRki77hEcp5jEmK8Np0=","tRA71RukfnO+OVT2iwjtLrnTACx0lsxYgy9Vin+vF6Q=","5zKAkXhpS2uKgh7iiobP3MSWo3F0Hm2e2Q+vowKW1m4=","IHR80sf5x6LkWVgJZC3GPbcC5ejZTvfiLY4ATML0Z6E=","Kjmu+qrHS2iw/JjOBDV/MiICIzC+FLOePpOhVUtK95U="],"block_size":4096,"path":"images/spinner.gif"},{"block_hashes":["t1GQ2O9ghOT+pjm+Q7vJde4oAkRFbJFs9+nbNgfjB8I=","J6J9Xlpa405BYWYv+8qkfkVkLQLojXGIScgMmPrYeGQ=","MYtUiNKRNEqi/qwfEN/kdDXir96Lfx0CF3mqTno4m4Y=","EYm+K6Vgx11UYDgYEUAJqp11pkb4gqgcw3pZDEZ9h8g=","zwXELukQvSjVzYk3fMIaw43Wt0UIrrN8cUr8zmMBCbM="],"block_size":4096,"path":"js/background.js"},{"block_hashes":["iry0RHhEpbht+FZaNJqAYONnfZemMr9Syy3bhQT20Oo=","geoqYQEohMsyMjypeV6aOZXT5pzwU6S2nuXr0wPeY4g="],"block_size":4096,"path":"js/bootstrap-tooltip.js"},{"block_hashes":["Q1fGJlGpBg4TB58mq1SAc3R0A1m+fp6CkAOy0C0Fyiw=","pSA+wSpSa5+IuhA9hU6GkS8rPjPDMkMFxyGagZym3es=","94o2IJNuJvqkTNxsq0iqHmAhOjMnbmCO1+H18MVQv3A=","YqJpH5VJQDr6hEl+e7n/rTBuPxk1GhWmViVS3pupUlo=","2DtQ4N0gJWFt1nrJiEcoSof2+sZUvzLoIeeWBMBCj20="],"block_size":4096,"path":"js/browser-polyfill.js"},{"block_hashes":["3WrmcZmXgHKsclMSCFtfdBbyRi5CAuzY+RRKQHIGxDU="],"block_size":4096,"path":"js/content.js"},{"block_hashes":["oNQF5By6STB372cSPFb1JiOmN4WdExCZ7Pizm2fNvRE="],"block_size":4096,"path":"js/global.constants.js"},{"block_hashes":["khvDJYwjq1eC6EQQmpC61S5WZKr1AdO11FdrIXdp5Kg=","Igjt0r8J/kMMUGo81blpOKOWuF8n1zUz7LAQpxmf3ek=","bRrFXn+2vuFIoVIwkrpQZ26/2rfcP1yD1Y5gOH5DgJ0=","YREw3vzC7BveK9Iv+kK0xpMJGWRr+mkS6wgHhsE+NZE=","I56TAiDygZLyMUzQZ6E2/rbEcRi66xDaUHdoyV1enHY=","c8mi3NSUXYlAUrfvtn7I3Kem1YMaF40l6C60e5Goe4k=","jbk+M78RwlczOr8egQBKulpEfaXpdKOnrOox4h03G3Q=","uxg+9tIfyTbulBvc34G52sKmRUYBTYOBJZftVxLlJi8=","7/aI+HPD3OhZjTKbrCftpI0gevsto9VS4ib+w0n40Vg=","Uj6yFjqNcYZw+EfrzgAXF3qtY4Ru10KwFtwxPvgN9pc=","uqrKGYY6miyfDYx+YeyOkAm5hFq//pN5BqNdzyGSnic=","AtbPKK1IxQ7p/iTaMOcGchFU1u4AmebEAC5rQRIiaXs=","D829BU9eDO86ZMDBhhEgu5w4V0ONeCy3H+7ErUyYNm8=","pX+tFWquqEGfqwHQMorIPDTMF6o2T3mzOgAgu/U0T2U=","KCDEq7loEXWDr/AcDrUwkmoPKTMihY9NRbNQp31FWps=","SoCLTxfKO7hV38ukeRtNEWQLC9vdj2TgfIbopXT198o=","KHVl2cqcgJGjAJXOqy2nmP3erYuEBjdqlGvMxjswk80=","vNNZG9bZAbaZCwu9ohyTHXk+7y0/tGk75KTWlA2w+d0=","e6Z/JIupGOnMzMUJSaVl6a3sscPqt8wqMJUuqqgthnk=","yNA/SIFIhoYMtP4ObqQS1to63vvMByJsMKNjDEcxjb0=","A873K0ARFkIz5R6C7yX1fHnj0LWTFCEfwulxJkJm9Lg=","4/up0+yC11xIbjsf3jvatmzzPelinTUwTKpwp65RzUs="],"block_size":4096,"path":"js/jquery-3.2.1.min.js"},{"block_hashes":["GR8HFSdumQXV2EFD8AW+gFs0MhwP55DKvAJ379Zvnqs=","LFUncW6UHogdVyNYPFTNpHU2oq10AJcl9NpoKSIlZZQ="],"block_size":4096,"path":"js/notification.js"},{"block_hashes":["pvz18/5xNB9i/VIF/7gspdmgBZdeuvbepKnVP8/N0y0=","3DLHFtl5f7JL33ev8wrT+qs6yvybCNwBi3q4bqgzMf0=","M1u3cERO49arm6n+opcuAmnx6Q9e6USvZsy2O5/e2wU=","fI+BvEVZdG/c0JOURmL7+B54RS1NWUi344QgSOXlA70=","Kw9aryGmfbBxR0vpQFE+pg7KMzJ92BErd3/GqObMb+g="],"block_size":4096,"path":"js/popup_final.js"},{"block_hashes":["l1EIExXdWs1HjrfHVMgJ0lILii3PaNXb9KWQlJKKa/0=","XPN0FAx+u6Tzd3YZ8BL/XxAxprEolIHYgfiDbTH1hzM=","zc5sLSACL4PHyRSXKQfqvANHiTiumCLtQqvLTIHB/CY=","vRC1JtqXuOoJeLy7yiYrGIAXsuaOsyOUZ/gLBye92ds="],"block_size":4096,"path":"js/popup_final_extension.js"},{"block_hashes":["dmYOUgkFaNHon4xKtHCkLdE6l5hiuDaOSJWAHVaprY0="],"block_size":4096,"path":"js/wrs_env.js"},{"block_hashes":["vTU7Yeouxj8bQjFdHBZvwNnZOybhnYVE/6rWAg7277o=","I+e4ZRgRJdokGspUZjq+3ZaUunwoqmcUetitN5hrqc0="],"block_size":4096,"path":"popup.html"},{"block_hashes":["GpBLCf1KwjlxUZvqoqMZv4A6L6oRFE911/DLEHHbi44="],"block_size":4096,"path":"popup_content.html"}],"version":2}