{"file_hashes":[{"block_hashes":["3zfY6v+yhpOAqx7Uo5gC9uR0fBMrxoyukg7/7gfyRJ4="],"block_size":4096,"path":"README.md"},{"block_hashes":["XBPjsUKo8dSmaXQgy+fcWgIWnuwrbuwWlXpgpmsvGlw="],"block_size":4096,"path":"README.zh-CN.md"},{"block_hashes":["szehzB0AvNrVGONZmbzrpRJsYEL7k3RFNXlTjeg2IMc="],"block_size":4096,"path":"css/highlight.css"},{"block_hashes":["U21PtmTaZXhipbcTDrYbLrmAo4vrqeDW99dhbEyARmo="],"block_size":4096,"path":"css/index.css"},{"block_hashes":["OlSJDK8Npz7QnDBD/l5jO7aG7CQ/QMz31Ag4kuMRNbU=","ff3yW7mCtfylMN7VqiSSoj2hMTQditumb78RlyUt7jw=","Shhsr9orSyX06L5ro/ysXXn05eOaTUTRTLVY4GKEoqk="],"block_size":4096,"path":"index.js"}],"version":2}