{"file_hashes":[{"block_hashes":["upO93HDr5cuAVLu9nPkp9dblOiIumlTsUQRW2Us/+ys="],"block_size":4096,"path":"LICENSE.txt"},{"block_hashes":["7TjJhEhNmX+uCk7R38nPy0621Gd+ziV00Y5UtoOtB1Q="],"block_size":4096,"path":"README.md"},{"block_hashes":["Kfyzh2+PEnpc7V5WaE4Jj8S+DoEhG60gQRFnkoiDziQ="],"block_size":4096,"path":"images/react-39.png"},{"block_hashes":["Lfk4ZmYM2+Ro0k4hgUhdlvYRZ3cSwXqESKx3fIN816Y="],"block_size":4096,"path":"images/react.svg"},{"block_hashes":["qd6ZmYqt7+g4kOiMlPv+RMLj7ia5vBXungKoOHd21wk="],"block_size":4096,"path":"js/background.js"},{"block_hashes":["LQjUTKrXHqafVfw2tWRIR45rvMr5vquZkyh8MaDLAVg="],"block_size":4096,"path":"js/highlight.js"}],"version":2}