{"file_hashes":[{"block_hashes":["oQ8tl9wAtcpMH8x1BdJ3QtsLwHCiPkQeD2enhv+SiUE=","gbzmMrk0OcjuwYGqewxwqprfKUW5QL6SvMQFBwXyEgA=","XWRn+/wxRxNEjvUR4LeisA4wZL/kJ5ZfVvljxHhXTD8=","BHyNCt7C+AD0rYjXYrFuuVMQaS0pMX38OtjelV2mwWA=","jIya+Yk/xyFdx6EpnST8DNapv50K2abukybGLHlv4Kw=","ZnFUwaKSjD/osl/A9345Cao7HB4lCAUmqNcrPvaex4A=","j3pMoD/aIXQYHqW+xO2OTWkt2b/4sBRvcDzibnhRSXQ=","QK9TmfIM3KXoYArS/TcSqW4Xkth1V3Z7g9GKkkh8Ub4=","0iNj+P0NhYCQDIJpRPrb6p3ivJur5/v1SLn4QLBAdMI=","KtlqD84wPGHtPj6r6xrkZnB9u6y8dcaim75xPEB/KzE=","4shS1xZ/inFKdvuAHTg2v0HCfj108d3XOKPKKzFO+Kw=","dlSEo8tlv3tw88ulhjemr+6/gM4j6sKyhd+Hdi5rvKY=","Zka4QnZsVlsYrE2fXaeWeozwGfWCIR3GChFBHsnbK68=","ZihZCRAZWzx7fDBSHVxFQMqPM7IIftw6MnN8p7mc8UY=","CLR3zosPlipMm2/ns1u3uK/uuqBO1yzZgffDR6TqONs=","k5MTaf/eQilc9w+uOKmVeUkAOi8Gn68EvvbSyu+w6HI=","GKSlryNwEPQFnGyszA5qVWjBTDOysQ6KeYZAQ//c11k=","yf+LZT2gC5M9Lmq1g0dzIT5UOnwxAQZ5DmrIaGhs2ao=","mURGlBd4kWEQddHs0E9dPotbaTEN+pKmgj7H5l0rvXo=","vkQmMLFnwiAlvRY+uYsL+Jgbz73sLB1XBliU5fyWHV0=","7fnHVian8cn6oXJxLxgl54PQXmjDLHkR761cmblTviI=","72NMcNWL+xzVGjgZmdtUDalbr2zpGEPzMgMdeuSkD64=","MdsZ/lrjC0xknngIvC6u67ONJRtyXdBPhPxzE7BYuZc=","JkCo2ow9p2SpsmjUvJa5Ncz3/yf7WJvRpotqVe+8oMU=","5ken2V+CnhvBQm80S4aGUaiRRWjJBpVJuTW6DnbDWhM=","wR+2+q4wKCYWrM7PcnGM3t7OmTsUcBnLUcZQBtI11CQ=","euZPj6XPUOm5clCmwtkjAUtPa6SO/snzJ0A7ikQRJZY=","ObWGu5xXhrz8hd/Yf0XUJTU/x76gNtzGvEkoGGypbuk=","gLbOKd/b8wkY3sgBfEheMeKaEUsdwreVEd2Gxp8dbnk=","AxQaAXRvdLeT0Iznxlw82HC2i1YWoEV/ZXD++FFqM14=","YQjajJwy3niSBX31zZlIVjs7eGLO8GxFgKuVOW7EArs=","8Oi9SMN5q0o85xRAyIuXmm5yeB/TSSYD0ApOeqCRKeQ=","QY8shQNvAJQJ2Syiqtv7osQWSiwD2LFQhqYD4pebru0=","FI49NENl/oyEIOsVsFBUUQNd7XbIMLccUntzbrZO7SA=","DXKbakf0BohYpQjQAZ/GuLGCUTREF1RRBn6lKCkdGis=","BFIPCDlnwXSSvH64xI4AAmsIrJ5CpPGtlRAPXiSQTMg=","/CsBlfFL99mwyc/j0cETxRAh9eum5D2bLaHC95otOYE=","0yAbxZ0/DgXsPbjc8xJQytLPWnFdaCCWuUNo6aAkR0w=","LSdaF9sWMyYk/hOeBZwtUpiK95EQzQa8zmgse7I3Y60=","Grmo7/8G6Y+hHBeZ0eIO/+RrGLNxooW4cNIZZ9OQW0Y=","cxyFF+3/ttL8t4WT9UmfDIeipqu/KJyF5FsIiqPoZdQ=","a8AbSt2j4rK5RmjL7wSkmehBOYAutzp9Ro+4+2q1jJg=","JJAklDVx+usiCch2sC9y2Qku1n5zZdXlEI7G4wMGfM8=","Qkp56h6oyDg/FbG1x4vwiV1w1AoeLnGdFVXA+ZjzB+g=","eUApqubdM5zCiAvuwq6gWns02ijvdmvJaZkEa8kO+sg=","rGIPqlKKh9PBGVGIBlJVaZdWNc4wG7mS8p7pHMW+DUQ=","CTCx0hnFKfNhqI8b1yrw7KqSFJ48dmXR7MHXTCvrgqw=","VUbHv/Eng06bnSK0CF9RFBYPuubozJF7sYMu7NGsnEw=","dvZLjlHmGeRWIT2Lp87imOXInuQ0IC2IeKg7VFJdTbw=","ElydUvjFfhN1KnwdKyRaWq35GIrnSu2UGviKVW6KXI0=","FVDPZlhjaW6VkfTgjYyBUmO9+q4S4jX1e9qasUmBlBI=","laHektJEgfZmX9bYitKHecNNQucgbmXGjKkq7KR2Wrc=","6Qc/4YzGAVAvmXDBu8ao27C7q72yg6XiA49TtypTZvQ=","fIZyFhmOSQagtu3DKsNtPrRkLPkRTTrUqfi6Qa17F0M=","j4Rtsn0eBFqDX+18SfkVAgh+5vYJGuSE0b46wzynMtw=","Kh8mTM/X/WdBeO277NhEmzXrt5uLEgOEFFKc9KkOmfo=","muxAm7OGomwP+lM0bSOOdtSIjM/DO/H6K8tk5f2ohIQ=","JI0klXC0QEbCCOK0JKM1AaY1VnKwtqQSLsLdRkL7h14=","wdOAkvVbJw/pQd1zcNT7TeWjC3ECrrtZTNziHTjXo7g=","7Xj9NgZyKYg3LyRkaroUlbGPGBsCfqYrFN8WTyHXcho=","KOaGcSpRAoOSI9keCeyzLLnNYEjlzhc4tql5v6hvrwk=","Jwt1/EsKBlh4rGv6qDtMOiYsBJRyEOkm/ak2BlNw5JM=","sxpz3McPKg1gulPcKP6OsyPZ7n2M7I7OTfZw57cC0GM=","OJg/IJizZsKNxOp7YXFn2dRcOjXPDwNgiUUR+mQ6dGg=","vXlJ2I7IQ7ahEi9tQp3NsOUS3aQ4PZcf/WakP8rXgh0=","w7jhZRx5bNM6ut/StR4/kvHBQpq6oX6GONaB7WcDlyM=","KJqumUs5oQH5RYeM+4uLVwiNIIoWRrk/5yOWJ9tW50M=","umStkVnfJVDJKvs/6IgD00Y1udAv47m2ir8ZAmTNZoI=","kH+69xJLy04dymppMmZecz7bt0JZhO93v2A+/AYwGlw=","qrjQkPvn9fSW+5S0ALPMTLu9sPgEFaLYEGOrD6uwhzQ=","w9IF7y/IieeVDqj2hOyK14LvNv89vHq+xbw54ZZloy8=","HgKumJe11sacJyOuqoWkA9Z45PZ9UzWx2mf//nMkPN8=","zF29ab2TStimUO3wAZ86XefHY6yrc4PJbXGXNr6kGL8=","trnTVaM2OPci8bpHsB8IgHJjYUiCKRMeGeyBmaHhQRo=","WebWt9HTf1lr6Kd9Py1mo/m53brWeSJdqn5FUT4SPTY=","qn5FOMCexlLJXbz6GyqP2lrgEtHWYDTOnnTNi38iE6s=","xdxmOiwJuTE4LF8V+6gxJ8jgmYy+ZdDsGCJNPGSaTMM=","851tAY8iy2MhUIFWYbWqRpMvLtvUSrCnv7f1nmR1M+g=","BIy7eOy/vOcZBQz7lkzidGZ6eiybT0S+EDYweitcaz0=","mT30c0ZhgdGK1dYO6wBVqiDMDf/+pDf1nrkkgiPrKKM=","MZSA8qhfWMhyhvGoCOvzGzLscU6cIziu5OAWbWYUfM4=","sugqT4ccs5dkjwFV6sZx8NJWyK9Q+se8x1BnrDDIE/U=","C3EqY9oAIs1KKQA1XMfQWsiuIfghbbstHuNEbJm2sqM=","SGT2Kxwp/ja+4NVZQvHSh12nuy//6tfEc0eFKjZvaZk=","Z4YpxJ+QbzToXCdo3rHVHUACVYY5Ex4LMlNe/3OLTXI=","E18Hl3QcJeAZxyJwBtDe4tZC3Dv+lazZDCeHlzuRM/U=","uzy5x9SqM8ksUbnzy0ktMHUR57mZKuQL9cBZG1HZUdI=","XPu+0pwOOhToD0O/gURKmVuicqTFgrhNow8p0XPR9Dg=","n0XfS4TD67lQ1GKbXak/3QD4EXwzxaqtnhKiLSO+cTg=","7j7u3r9vgcnsSQXvEJYIdj+Qewz9moyUAOYPF+4bLso=","IygxuGVNO+Tinvy2zDmjtw9N+W5n0jT3dW1b2BQ+Vv8=","fHklGQ8cNJDiZcjUvObQ+b1oUixBmVE0W7A6Nkd1zNM=","lihB8Vm2BhVkLWUsk7HWSSPLsxXhYJjHfKWpNiausrM=","xq1iIjGbyHiXCJnxl2gt7jyVCRbDq6CshVqf09ydgsQ=","uqI8sv9euRbo6l8jZ5UlSd7NE/jrkQcHjAg44gWLQYM=","OO/fhXrdCHeRBhmGcwzAMkc3OfnX3r8xUeDGL9ovPCQ=","rixscjjKl6T+0jAScjWvlHe6bHQs+G11MO0uZFIaBdo=","/YwbDqeemFPKV0mQio6k1ewu+FmXhcgU0HMcjCIHFYY="],"block_size":4096,"path":"build/backend.js"},{"block_hashes":["0swcdiWvL23pOzO/KE2geHDiWAjoscx5Jpw9jp0BF/o="],"block_size":4096,"path":"build/background.js"},{"block_hashes":["QjCQEAk1Zhijq/pC5xQH04nSVv+DIVZR2nKnm4Gp00I=","RsqJQ4Q7pHAJ1MFvWAeHa+wLWahBZXAtXVCJ27fCndE="],"block_size":4096,"path":"build/detector.js"},{"block_hashes":["9j7Yi3sBrwO+qExDEBKx+i1gtXJYduN2pTbUOSE6l5c="],"block_size":4096,"path":"build/devtools-background.js"},{"block_hashes":["imnmNIKqbK8YTjPKA1FaBOMx6D9EyLO5RclxU//C0/k=","QvSAmUizEI8dYFDd3/UCESFwMMxuG9omWMk6f37ZfZU=","XF9S78TC9aFMV/ca7vTffwwY10G6qfE1iGseBpJBAJw=","OzEYs+/bHea8VXfVcUUnFMjWRRR3oSvDg6E1OggYfKM=","aqLv9x8/rW+jfrrA7G6m16gD5+3y1FDWBNSGm9s0ESM=","pw8e/l5WJjTsS4gd+J/XJmEN2H3MZLlqO4lqxDo2EXw=","42CfH1NaTxUKkg1d1kUk4tPIqElIMw/oaLolVcBWLnY=","XFafKY44eVR32LkLQT9Nsf1k7102WQz446fpTV12qIA=","Ft+ff5DCABII2K31vx6iWsVCPY/ulAMJLCPM37F81mY=","mkpKOiGPRd7zV7DtcT+2Cuy6TCRmkunAJeLdvN/Kg1g=","GJw0c+R0H4LRzeRukG0Xw/RO7xdgI9JYcXUbds33FSQ=","2s92zJszOItiH02ZT3oTPcePJyzddspW8p90kfFS47Q=","fSVs0KNE46oTd73kj9D7C6oHKdStmyld5Qqnjl31P94=","TCTBK09A/dfFQFL9GiD9SyUWsNZ7ng3YwlfZsITUQbA=","vIL/qEGfywq9am77yaCyYq2AjKgvIEl+Xtv8sNuIni8=","A2bvvdUrg79OrAihcL5E4SF5R6zOlUFx/rQi8HlZhFI=","frx07hH/buLk3d6ecpPiGDfWGE4ayCREkNFKSNZtETE=","Nrw7liQKa1wSv+sVcvsOaDqfLXRiNNMv8H+Upkpwgec=","5xyMof3fc/I8LVv3NhLrt+hlPBbjN65nk3xx1ePU7BM=","UgJ/W7UzY/fRpIZCnnTejNwVnXDFggZsaTJ43BsAAL4=","Pj8gSefXOBvwqwcIVEqD/wfAS2q4JXQscucIi1ugJhs=","3ZK3aL3E0gjtLxtcUpMidSa+muLi7qVWfrI/vzibjBc=","YihmSF5tcsnHrixnAZ9oUmevFX/c+seIC7wuzHTEyBg=","7lUROHMVkS+GUejF7EipDAJrD1zKfrmiTvSv7fAQHbk=","fH7TLMT9CkIBs6Xw8+tbVjyp97NBssgLBMl1JvCwyak=","db+8iOhA0QfaRFzrd/o6YBc23sfiVoWGB2QD2ldJ8yM=","oMDPRgWNTM+Wd2Rzj8RCxlBXPCgZmr4J25DY/JSsjS8=","a5bzHPvUVLLrgdOXepp//12PIJT0gba4b+A6aIzPm+Y=","dJxW/fMjX5uhKLg7jR6gJ3J2xJPkgOphbhWyuTkrRlo=","0/XGRhG7MtOReLOBtf8zmqEWwErK54db/wLrBUCzcdg=","FU6HE4Ng5CQ8PlduAc/fPbI+4rlRjf2y7sG4uR1VI/k=","1ryutJlDE6lgay6tDlCEmr4hLrFtvS0ZXewIxbrpyUQ=","p4wOJjUYzCT1NmxOBc+q6cWRibOvc/HiJ/+G+9f3ct4=","s2WP3QOkiaoomz+ZQKqwq6T6lymNBXOJsrNKKIJN6Tw=","yYz5iiMcU0AT/3puCH9HCbIsWlgPir3CGXaKwgwpHpA=","E6wIyNaON9baDviU/irUzbR7AaLkvzs6EWvwaWUJl/g=","8pkzGVWGsdmzDtQ5xYElFm8qmmEqZ9OGutc9b2Jjzn0=","pyLE3Lq157dZ/G50e73gxe5wrjAxvD9BU2d9DsjSHeo=","/ZBguT8m+tAd3r8yA0wpp1iuVdssqQz2x8z/ZgdVLOU=","5hHcqy3C/iaMWSuRypvcskWsoT/5TQj7bxk3wnOdmkE=","NzXH29qMWK22enbqArj63JRIBA0l0943No7Z9T2jUk4=","hgFEGqDuetvmFU2kaYmJorWGi/PxtPcnWFVMcaurNxw=","fiS3tJZZbJz0q9+rCKHQBBOv8Sa+Yab98pStMWTYW6g=","ulqlcX/cDhwae8CXguapEiImEWnXlZd4Ub9Fb4H2VYM=","CFPnHcxU0+CwuKJdVHm3wGn7V4/yxtzteYfHTbkgPYk=","Z95xrZReHYyFLYCXxeo9ZGCO020NLT39BKtyNtxDlms=","NVXLLrDQtbjePlLBcC6MT7/Z+ybOZl5KT6iLJM0FTs8=","kvOg114y/T+TucYjQGNAsML5Wwogv3KMTF1NKxdb+JU=","YUD7BVv4Pc6kVoLnybgvreBMPqaRDkML2xlHF5BKrLU=","KAqkJHNqqtySSkFh4zPVY93tLMnPpcgDyZ/zh5Se6lE=","4SMPTp/IQSqZhUKkzGGoFkg6cActIXNc9W5K5+XUreE=","Kn4v5gYAu3Xrtj50IxGfkAHXvChRSmPWu6s0sFargnI=","kgefnwzDCIwp3tAcXOitMeq5Yedk8tkgc9KRm1utU5A=","WZtBs+AdubzrqcxxSRDavmijhCPI3ysyJJ9O10HOaSs=","zI8kCuXrGZ0mLnvRVL/5Uo0iFbpr0cFwmRuxVfCeRy4=","880e1V/GzIePSXbQOXEQ3KMsGU5jwdk6BRAHXHo4tvc=","1McQX0yawwsWwY4uRcAxv3iV2nd10No6pH8S09likOg=","rZZquqBn6agO51dqkLDfGw1ZipHl8abM/hX/byPTD1U=","PAuz+T2y8CS6a1qCKs+xEA3u20T2tmt+sU2OYiTpQqc=","I3uo8+pL+h3tQvM39oYJva1O+MPo4QZN9leUtwp6GGs=","FSUMWwicmGPGSfm5+HCdLICLYLvqqxiufu8uE2kL+yY=","UFOMbwj5fXGYzxFL7bmFGVjeZGKht2elpnlvMHG35Bs=","hfda0HuL74TKyudy1rL18w3ApSfh2iZK59nkXDAndS4=","XfcOo7hqzoXmSSpF8r8GDkXD3ZRIzX/oLNVWP6VED7g=","RYQlqTinzgK5oGPsgZNcZ3yLaFu15zmbyeeAPvTRDIw=","iKut6iLofI0YYyPKXGrn+ZqSEgH8aZoYjzmJyoM0m4Y=","XEMzhauTA9NOUInO1sTQ9wyQDwGq6lnjw14d3SsaN7U=","NHcDML59rFewaACDc0hePXPDcChXqebbUCRYMj9Kmt0=","dxapfM4yhNLDxzF9Pgiub9bXyZLfxhBYtM2Jfp4rSSc=","qum16638zmNq9nvJYrNILqsyl5c+zBt2MD7I9gLiY7s=","hQ9InIw16xf/xeXVYnqdF4/SMylNCZ+EQn5dIyQ7Yq4=","8UpBPNwpSKzyU+kJEfJHFZu3I82hf09uaBCRa+b5M5Y=","VqrE5KxsP90zHqKC02gwY8i3RF1Tzio18urBUYUSYp0=","nD/IP1GsyfIYiLcvePBALZevaa6DNkijMTpOemi9kjU=","EMbdwGR0wlZdxMNFpIodUK9am5eF6Q8mKJGlNBfEiBk=","qClLFMsmww299JgQEA9rjD0QStGSKitrrZ2OvmhFcdQ=","v47vY7PIGhY9ysrHpOiHRcpqeLZtqaAKYIvzY0DGSNo=","GL8ATe9WoN8A7WKWBlu6iQATsEwGZa0T5ury/IkTDm4=","HWQy3WHysN6/V6d2sl98PUYnOAnmOa5DlWcttIspSUQ=","XXclQ+uoPqRzwkPLHD9+9Ib5cs4PMnEk5g/x4xFtVJw=","23OqV433JOgZeuz8p7+A/JiJmKza26S0n3Wmjy7g26s=","ypkVQYEmeyUIOqF3E2n9IonZbM3L54Q7N95M+49GGDM=","A+qnuXNPTa15iKmfIhqS0yhLxwHKfPrfCr2U3bcaeWM=","khaCwruX9o16w+5YdEbMnNfo3VtAc/H+dK31NY/0rpw=","vfrhK5UajdWNKuEwDAo+LTGRPV1vmR1UYInb2508+cc=","RXA7GOnAEWABL0mOqxRtvFmy8gg7n+naHjaRAyNZx/Y=","idYKVUzlc6eJHQCLJRUP71FxNsHVdaEZRvDGiWt43UA=","ioy+a0MlsPYFTyuSuI14hE636JOMYIPxd1ztK30ZypQ=","Epx8lZ3ap/1Sd0IEXzCMASp/fHiWYbD7AMV7Ye+Bl38=","Ld0rudzGopYV5tD1buZLjKFS2R2fYGNlJHQkoj8yvnM=","aI0fg/U8KPKmINERSD+YSarHyDn253N7avc9irYOweI=","rB5CDhD6duuCgqyvX82ycOWlX9X/qSA+SzxtgzPp/Ow=","11WtJlw8r888ULdXgtwfqe+l+IwggVUJJBsGlry7oE4=","7kZ/hoOztlMjhUNYQowdTQYixkEza3hNQem/xytziFE=","ezFmYvjbAzoyHjvq70O7VHsjWpdsrfo71tEt+IxPpbk=","ONvxIRKXuiPH5bKjh6McFjsKUkqOs8xyc5PjF8VcjJk=","qOjKYPH9AgqntDP5Qq6NLkBTR0ep5Ctew3MQvUeY+d4=","59QC9jVKJiQuTwI5yRD04PmJDQWGxVwtA5qbjCgYD2w=","Dx01WnI65PTEkhYQst8I5sI/1dovcAqdBZ9SKW0bP08=","+nxAXM/ozQgX+ih7DhGPhcCTzIrshApE1xV8UrCUJ1c=","BLziel1ZHox0FgG23fm5Ku2Jokjg6y6wf6ci1rstGIY=","xCb+uCRUcRzIfW/1C2UqFTTvTgAKQ4NIDmJAlsuvRGg=","Yq8eTM7xiIbIMdVp5UQdN6YpyB63wkNPr1X7ZEtI4is=","uHukcyHHb/JbrTUK2lxnEz+rXsQU2mlQ1MRVu8afh2o=","XlW347LeMIPmiyIfUe9ZaH1a9+YOw0oec5zJjCoYeiI=","vxTCua1ts0sP7bvuwxDQHwAV7RLrY1YAYQaBTLXG6oI=","lYwBliIEvccG3SBQE7AK6oA/fWiwGaLHAs22/TqCyCg=","ng1PjkszLoOzvX7/jZveh3rakN5WUTD5r0vWVguTQ/I=","0gTiIz4CVyFBNkNMlHZGgKGwOzZ4XS6SJvgr/hfv8rM=","mswbyAtAFqzrBswIkBGKGEuNGPTSE2I2AGKQg74EulM=","oL6JAGQ1M4yWlDGKLtrBNXKX6Qs+4RuUBolBE47CLHs=","4rFZAx8rh3auJeQit/8hal3N3bvEjO/WWtDpgA4cAY4=","2kCnkd0UrjyiETiZ9sCt8mODUJhLhzHeOB/sRz3yHgg=","LyUYl0hSZ+n/DV3ksCehOftT8KNHOvZoqvcdUmmoHns=","M9yIWEKQhO8PEyQRcEwFyLiyQvTkWRUeHrOEsI1/tz4=","qjyFgtQPtPKuFV/aZ65qlV7Y0aHqNBqYzcBJcboXf/A=","NBUU1gxU6daCel85MYmvJubbl9hRwlXwulRe4yYF9/o=","5McMSf3Jthr+ZOAT4g1z9W7ibnVGXOUAVORxjL1i+o4=","Spuw7bu1aie+4c0SEKL9BRG+KjTrYLCiNtG+o5sIMwI=","iei51AujFjWuCl9DU1YJyQN2ZQxT75ayahxilS3W1/M=","Xl/VUC+d4LgpfMHWamL9wuCN1QXJX/OqvpvvZNVTgd4=","zvJEReaZ6lkvWMkfxQ74ZL0rNtAiwnkcvtm/Xu8L5gA=","fKi52IyykuFlgo7m3fqhFh0xlCu9y0Tzomo/b9Q2gvc=","oCrbZf8/Ri24SI0F5X6uk8BULCV9g3c+FhV4uNfQ140=","EuwO+9fvLmhefEhmz648yPsFMy/xDJlNEZEx6oy4SdI=","jHbIcp1OX17OXPpCNFOhag2xYnGF4k57nFG00mM1KCo=","whYmti5FZL3UWSpAWwFEKKMPTAwhUoAh29uewitSAE8=","zu4YfmQLMb214RZZ8HT1pvEpaMm4yGlbDGU4pTDp+MM=","gfwEJlFdMkGT7u7dRK22awfSktAkA1LAP0p6KZoUAgA=","SN8KN3DBCJpwLTYZeGXEF0NC+TGFtEm6D53foLyshZE=","xbhMlSZK3h/r9TYv1DGx6Kr/UxbXDdxwa61zgqgEs6w=","F1ArVs4SPtNHk6gFVaZtkAb50FL9nEUfisSaywj3uFA=","mUOlYnCgsd79pvJs0e7NHbFHGIc4WJL6MmRKdSf5jys=","B8uVUw+rZ9uabO90FQrrsjW3Od9eOPnlzQkSG/2WTew=","H3V0521GqUq4BjPAHT3UsmMzeCyelovO/k0hjNPlv8c=","9bHsZVGAYyb1PaQ3g0luFzUers8vQ0GJhnFpTcQSreE=","oL3XhEskKyGk5lE0vfkjzZQ/L+siZjIQD3MQk6Y6/fg=","oskMNV4X6einLWbzzUxjLuo4maMziw6XDU7VMsMSuaA=","fAex3bhzdMDKy+nHbH6lAtdw+HnAfVl4ZfS9m0azzRc=","r9ReqUjP5iBgOggHQFqfo4TTxEcpWvaQ6gsv1MEP/rM=","lmZCedFpR9GRVctsPt2FwZpygmWE1EcvszkouDMaqow=","Neu8JEdEl1GoM55LYvbRh8zCj/zp8798NQisH7bm3Js=","oGqAT6DF6hr4Fdg/KT4gYNNwwesWWCYTA2zytF2/ePU=","VdEwRa9YJl2vpeFjowEhyHg4ftBVq2PtNmkfLPWfUfs=","rp3eUdVdLRJSpIKTGURcnSLSq7QOkyNXUr1bAGBEobA=","7t1X8D1AZ9hGZKV6U+TBzjTqZIV9hSYVEupTr3vy9F8=","vmxbvfhplvkHZ+xx7d7Q0sJa8OgsAmsxnafQnLAN5/E=","y4VY1bnYpDxwJt24efD4QVKWQ569q2xpDNQM7D+UJl0=","sQKtMcr0oL62hqq/y2/Q7qCDvPoqO0T7Yn4LcnFD1kY=","1k9hAoePCyQz8YILghQx4C9J1rKMz171wvcd0zEKjiY=","+V3Vo564JDVC7gDKiG0n+D1aFpJHBej6EBhRSP1b06w=","Qe7uZFz93Yeu3CCiSoab8GGN5GBf4UcbxUxpDLz4VWQ=","OvNBiLZN6FxP/NavOPafYaL6Ga4gdR2r0rDVCOCwB5g=","yVo5DPY9afs+YTs55jtPt8Hnb+d1/cwvhsbSRKKXOys=","w8O/CjphsW6zFWo2iryx5e78xSPoFGSjuJXTNhJAO3Q=","c0kHBSB6BD2AcWM91U4w/FocYy7OXNeEF9nfbLfcup4=","sooaP1h/tpc/r9EAy3wX1T/e2Wn5mMg0DiAJR8N56dE=","X/hH+8ExNfSygNM4ZL6PRZEPKcYQ0LIddmI8ndEcvuw=","phbZsmSKkqdwVJRUE+d59PBZ8sY9dUbXG9F2C2CR07U=","8MYqstd4R6KUnB640FXwXPWE5RZ6ZdF2k9V6hij1GLw=","p/S63zEggNELJMMk9lUZLTbI16JkmUCHIyoZHp0dQfs=","pc0EpLBvAdB3FgA7GiemyJXF20XLVoeG5Cj/rKtKjkI=","EOsrb0o0Cx+1iVWGCCi0S3R2QEzz31egT82ZzgE2PP4=","ClaXK2KdZSTii1hb8S2wMEedgY85eKoUu4Fraz83bjY=","yVaFoj8US/eaCmapuwL74n199uFuLtcw3899UrpwC5I=","x1t3ps2jyF2HQ4yTDLQjB+XdptRbVI09OZXUidsJPRY=","wtHRJJdAz2zHu2v1ULUwE5drCTn9btCsR2LFu4x1YbU=","+L7fVc2Nt6M+DVUHz65+NSXzoi9m6FKIGqUqwuH2kGE=","UIyukH6EZX7QQhs2tOR2/sy0ZZKgspkQHyhpwUyVbYE=","ECdY+0133nF7nQUgAPfjkpfoPAF96oilFfepBOrWTQo=","LX53ldZKc84OEbqV9rLqkzCC395MZFYan1hz7C9eKt8=","ap5AxM3UjStjeYOprxNu2HwmDhbN137yGqFKt/De9HM=","Jr4ZeV3Ibut1U5kuiyRwNjIFc5Qrc7jjqnQ5TZi2UkM=","sCUXEYXHYBcdu76Kfv34q4TEgWzUtue00uS7A0mt6O8=","lAHYjOgn4mEstzb11z2A48QDKUVlSjIYNRVJfr+vwNk=","BIbmM6AhMypdl2zRCqtsuEI5f71lhJVl2Ysqgbsp++A=","okbWLbZiZFn3yGYNzEM8X+Mk7NfAD9Umgfo8+QiLynY=","R5iRh2HD/HwApe2dxx1P7cQ+6RiS8RFSj2G9IXUp+pA=","Dpax8QIUe5PybtslmQQvD65rlGB6i4YKoYxcBClqXic=","AhlyhDv4Vxdxreg1UtygMKO6P7UpA8SpFCz186htLqg=","5wP00xmul2eLHP8cUsW0mN98yyteHqS29g8Y5VuW4Qo=","qvRa86Rnh5idBU+7hPaSMBWKxnuFap5goTOUhEm2UtU=","Bwg+LoLL8ZRoO51KZXIMzZ+EBCX0YVU4Ej/np+NdWo8=","lDbBGqXoj29CC5DcBo0bNap0QIbbJES5W7g67hAA6W8=","urLiRgoGWIq+rQANhXRLAzlyuJJ7aLIf8ZI/bD9nnHw=","Sc/Tr/fn8FEsDnScMsTBDqbDKPpU7j3yn/ETUKMVeSA=","cOLYEbaIvugV90/nOp7Nv0nqidWpraWjSVrC91Droxs=","+5kUD2+ij+MyIWOgAyWBm+nR/CwKhEYARr5LJv7I72Y=","dq8B+mAZOykOdUKVRbUXB+O/T9BgbRp+ocqZfeXfRag=","mZH7a8nh9BDC9VUlvHBgPfn2V7qK0/sMy68NKAXf4Jk=","oZYOZYVe+ZuCu4fXa0sxn45/k+s2Npo3WiUeEnC8ufU=","FpFd1PpKjIh97OaTVM0MD1AB7IaAhCv5r7QHqHQmM94=","HBqu6MDIGQc/5Vyc2JRqV4feKw+/ZjJrpVl+qqF8Zcw=","cyjvfuNlsbYTsfSPTQOpDCb85JvulMJdmag1HnSoYOQ=","4VQTh4VpZ2r0I+88N7XAoGzC85+JitBjHHoIGl9UxhE=","lxnAwrZa3MC2DmMvoi/9ODtNItMzBQnKOOSejcQ+qB4=","pF7ziFts0V8pwX3SrtTx+spmllSVA9tmZzEARuKQ82U=","lWU6AsKCfgrd8BQcMYpGy7qqY9Egq6KaXHwEsJVJhAM=","o9aSMVDstKBou4ZiyWTV1wWk2sYpnMka4AQfkSCmZzw=","F1cdjjEMuPy+lV3TX1zMNS7z1ReIiUPfW78hlFgCndw=","T0pSUDrTJoSTFa0uCgN2Zohv+zo6DL93NYbe5Dwa3Kk=","UUKtdNmDBaQIGHpr1BlnuvUMAMz+8jObZIEBHo5skjg=","KTyyptd+ZwiOO6i+Cyi4HZRqMNi7rk8pXyjES08GdEw=","zUHVRyhuMcxYk40YmA+D3+gvcqqadntGajcYJh8zlgM=","QibSra7k2WRz/7EhbiD9A9NJVAUpFfqhBbv52fmo5sQ=","7NPJi459c3vG9mCwAKs+KjMW3b1PAoihJMDXilSMptQ=","ws6LAcGG9j8Jkbjuo/UmUQbODC/30mozn23a/mp27NQ=","NKjq8wfqEjw6WBPCPlpK8k6DIMy4VJ3fNu/9e3od+LQ=","QybHX4De/tenOffWurRgz4innarMFQRPTm5lWVz/F4A=","GWFqhtPb6j1tlx4nDMfEkREOEkUbB3SbD/TOU+UZNwI=","Q+62zRE/XVvIXiYm/rOacTc1cbnqhwKyZbY77mFMy4o=","iRDDzmRlAiPccwBy+sZDa643uqOJ/6NrJtQ0PLYqTnM=","fnCEf06T3H0w7bCWq/yppIzsPwnxyxEluVLZ4eHm5Ds=","q5VI3Zx5D+AnHp0LArwTnbQUdm36f4KLxhQa21wKRXM=","mRcXvIRzn4EQ7BumTQQfkY3bHcvDGBIk6kFKhfqXN40=","H1xqTY4bEGHgIAgmO5fyQjH5/iBSsxZQ2FJ1DhjbFBc=","M1wgGLS6ancwlO3loDtcaKxeQeUFyPPP0PyJ3mNuz70=","GsiliFCHOawTVIbcKwNjCrqlTLxW6woEDaATbF87EGY=","wsfAS0z1Qcd9sNTmebc+IJ8G/rINSHLh2DgRIN1c1XQ=","fTClTkVHy/pZSVwGofUp+bCNMy9eKCVtuKaHAgE81U0=","NjLdagW5poMPkMvkgUe5Gr3QeQLN/k22GNtBytdaXj4=","6JFDkCG/Ccj2/kpd7CD9WSUlYpbEia6Gmv6yK/pcPrI=","F/Joi59fMWFwtyv0yg4868iYoDJ59U5bSwWWEMB/g9I=","pYj/1N+Q6DGvBvnjQlGCxgfnqDa2Hwwxz3atlEtLb2c=","c4AXeug4GRVEphl01B4qYuOCV/EbxaoNG+XwBwOTFBE=","Qj1fozngfM/OMpg18dGSTko/SYbXDeEOY4yupxLVn68=","FT+lHwJAtchQsQH6trClY03Bunm0WmfTN84W/vOWdbg=","U/lVl88c2GSXD0fBO5YStoxiL1b3C6SyI66gChgSp50=","OSgkwVfZw4HfMzVsO0N5Qhj4TG0F3R3K/zVtZZyl5QI=","6N0e/V4ezJXAWldqmepqEUAUZHK7FkPMlxPhy3hlRZ0=","T+WwQWAGqdmFUnk+B6s9QXcFcpgfU9Tp5rNUBSnkEeI=","hXEyXDbmuBlhtwl9RVHvJhlqPCVK6rdOUG5elVGwwSU=","ro6GHrbhucu/T6JCNMHi3GUuhtJctpQVNh/RaFH8WNI=","MEdYO4QThzZVFt/Q65+aZzYZCU+8jZPI0x6OW//I11M=","8eokjFjtBjh1/Z27hjeO5eY7qPViRk6hnjCOFwp00cs=","MStaQh+16yBWOycR9FIyqFVFK9dz43l4q0hB+H/Utzs=","CdmJAwwpEp2+nEMjUQgESvl9qh/pnhvtsuvc1/uV9Q0=","mhTDjye3mtCkqmeP0NwEPgSgjJcyKC5V5ZKm21fo140=","el1oLqp5cavc5lOs9LOgYL5BCWugTy27cXt0pec9BxA=","nY4sauFh/UoLp+wNbvb7Zu8P1rjesOlXZQYuXNHsZfg=","pq3C3d0rhCpoiLKrk6QT4pw65UVjq/Hvt4g+50FubCE=","YFF+fsNj41UnEfA/rsLl2raBwWkaUxtaqOBCXpCNPsU=","DqQAqTzC2qTf2sUh+cjFui+C432WZQ0seInMJyLk7K4=","bqq/wLeBX3gek0RxC+JFcar6Y9tFhQ7KkkDpuqjchdY=","O0TQJukPXRiIo1hLIsowv/IWreg6RAvnPRqr1y77hrI=","jx3FOrDmXdFA+rCiQBpsuTnMpOQVZP1sOtIhf4jB/ME=","pUam5nCOU7hsTyGS8Bz4UfqP6LIXC56dkm2ZVuNo5Ds=","GiD4NLCGOUdk5oGdpps+1LUQLvxxL/XoGBDzvvwcR8E=","5rGss50Kb8z6cnt8VZdmy6MYnMkL4rS0uAcgGRr2FNw=","P8HMtJ/CR8hiGB1zQBsZCLvGC2wgZv7iEmcN39IgHPc=","Ht2nb/BBAm4TjUotNTll5hwtUqE4wI7zKeoZaHRa/tQ=","eOs2BkQZwgj6zbM3a+RzIO4xzheOYJpcBgKyTsdWa1Q=","M8BEhB+QYgun1TWJVomGy7UVttXRJ/nLlNHaGbhmYh0=","2ptzmAr139tGAEOiRNuc9qJz+0AmFAswfO7lvbRMJlM=","SxFCavRipscnrqqigOI4Sp0/2hy600SKuHiq5vr2PP8=","ZhWjRMebeKEl4erU+BVPqxFHjAobMQXnieGR+T+0/8I=","+d2QLiqi4oIaGIdgX3HcJURAYmQeQj7HVo3DkvkLhDQ=","vQOMmVodRR2FPWtgm3QF5uvo4yQ5EfCeYn6KUOETCfc=","vRqIuU6T6yLFFmltJ/PD6UViylHU+5GKMpaDw5aJMPQ=","w6SVJLGQR7Y05ZVlDxsR4/WGGnru5hCjCrqvfCwjA34=","6sn5uh1SxTYBgaavjg0VnJb3k2Y7GZ+rcn4uG62LnK0=","HpL6/9pOQTA6NBVfoxcMy52Y6x+2R4lfw62fMRO2Aww=","lo80ebx48I0RGoj7IC9XecUoL8vMl5Pm8miNq9nMUaw=","L7kKa0xeoErgL97TyMsy1rnc9Skoy4NGAabLtITdizQ=","1KjXp2QW4KziIME3lbdtYgzkpBEWa4XGSBqfOnNJTbI=","h/ZRyPSCJMgLMkMvpa6qgTajseJu/Wg2F/wg3IY04co=","PFw3hRfY04kDgdKuqnan4z8C1+io3eROhUo43AI3qEo=","I/VkoWM20W/19pgVnn9efecOk4w7SUAHo322KVS+zlo=","tDcmU7Z5WfjsBj646zyR28t/6mrw1+wBqO4NcSxwWII=","6LmUX7u8ZG7wfvkc6+k/t9C2m1/XJfwE+bxXifI0hh8=","aMgX+g/LOiGrMpSQAKFdW670LLT8dYfebATi0UEMdx0=","aibthUKmd63YJvd/gu87+JL8TQCGl74S5OD/x/zIlOc=","sfJO3/1xUPRT4gdXQB1JTH8lQPL7NDUQBT15aOLNQio=","kCW05swUP3Q3NAhlB1fYgjuiiKl5on4m6YWxH0zwhXA=","9pRZ/xHxs7FNRUK/Tv1a+WPoEuoTNzSg9o5p7o5R18I=","u8ZVabc1wv+mrA+vk0SVPjh8P0U/8k1kNj/k1xT0UqY=","kpkQiVUeo9D9eFDpnb2NGms0rv8XWXdaMNqBiYTF0AA=","mQrtl49dNaq+kanwzIjcVl8ai9yCFye0lJfA7g7Y3eI=","zrUmhQkpexsWfjwvcCXgNWMAgioMhp8lPvF0Oi5XpLI=","BOPk66OH7bt2MhuLMt03wRZ0vlLfyAYNBoQI68nV0EY=","v+DY7rT5ZHVqbQ5fthWU5XDK4/WzuPTtDx7S0+/kjdU=","4AVwCwFEN3ovtUMAjmtmU57lm0x3Ns3ysoPqokWJ8LE=","54zZR2vM28YFTVBfRQrDqj3K5fDTQcNmysDJzRbfZFY=","4Bj89yR+9gwoeTnaLnfsyVQlc0CE/pk8JnSN0zJB7TQ=","dXwEALTKjmxag+6QN7CX6/wBjHsWjwovfROu6Eu7jN4=","kxlfdVTVVGuF8t1dy1bprMqdbUDb8Bmrvl/ZXmOAABc=","pXUXasY0d02p3cpNTyfM2kMPUQaemvRdpvbsnxJaAXY=","/NAs/9ZLSklqni7rYQSO/Zl20mOGsmsDtGpZ/ikct9A=","oiZFc4lqmFEG7nnicd57674b9dF00fZuaE+zXacZt7U=","zcxxbctrx8q24+KPA/nVPOCVY4tP+nSLosJYowrPS6E=","VsqlYx5A0MZ/L1rLpHAeXHZvUT3Y/DpTcMm5jYMvet0=","g2YWTXgeaG9pY0JifRsXRNKZnVf1bUiyQeMKFiLGfeI=","N7nsuxFgPMVPv7BjfPhbo0B+2eTErYMqkmPSaPXLl/A="],"block_size":4096,"path":"build/devtools.js"},{"block_hashes":["U17BATrfxmDksWsCuXtu9HIFiGRkhEGNMYcVkvowuOE=","wdTsN+jD49/6CXigBuki2G8o+RRJvRskAA1k5cN2of4=","MKNKmkPWykA0JyWTbO3qsLib6lNccqn1z6kQgyedV8E=","oAiIovSVoB+ncOloNC4Q7EnRIyeK6pzdgZNBnqWTVGg=","IaS+QYxoDeTM5IdbG/HYZrnXMN8QkCiMh1dD/rz0cLU=","8CipSXP+6j/B74xvfWiXYAkdRs2pfIyO6wIrJuimXQg=","pYQ9RDkIqbAltJTrstifFgW0JeiWCYmJZlKytCr6rlo=","IGm51BenG9zTuuYuVzViylHBcBeP/A7PKqFQ8eUR1PM="],"block_size":4096,"path":"build/hook.js"},{"block_hashes":["hJp9bE4EH8YZua+tEPy1PdtLpVi2YgCJisx003tcqRE="],"block_size":4096,"path":"build/proxy.js"},{"block_hashes":["6s2BPAFo79KIymC5B1ATmPgTpPrkPembG2uBocDSb8c="],"block_size":4096,"path":"devtools-background.html"},{"block_hashes":["Vvq6Q34gxYDrFV2/qlEONBZuyWUUyjQKDzKMFWY6EK0="],"block_size":4096,"path":"devtools.html"},{"block_hashes":["C8FtZxMPj/AgSBmRE+kq/PLO5kU0WuckJLXllIb1BpE=","ydrx6OI3I/hRIgP1vM1QF/p5/5SOMffESK4QlNL7xx0="],"block_size":4096,"path":"icons/128-beta.png"},{"block_hashes":["34IrNAdm5ncdFeJJ7FvLiNWuT0v2u/JEj8jZqqN+PO8="],"block_size":4096,"path":"icons/128.nuxt.png"},{"block_hashes":["INXZD11hbvjDBXXTDiP+YctVLp+9goWdQfIuMpIbxMs="],"block_size":4096,"path":"icons/16-beta.png"},{"block_hashes":["1y/pKhHu+wN4Xy07O07LrBz8gqeE581M2T/IE7Ct8aU="],"block_size":4096,"path":"icons/16.nuxt.png"},{"block_hashes":["vfhR7PAHM+sZCTQvjExx9HIbO2grOF2sbJbXUBwRdk0="],"block_size":4096,"path":"icons/48-beta.png"},{"block_hashes":["62F44Mt87bGi1YahcCBYTLDMV1GT/2Wz01Xl2VlfEgA="],"block_size":4096,"path":"icons/48.nuxt.png"},{"block_hashes":["Wvt3+c3SIUvKH4ZR6EHxfmYjMyhDTy1FqE2W/Uxkl7U="],"block_size":4096,"path":"popups/disabled.html"},{"block_hashes":["DQfJakYz16o1NMw8o1AAK3l+pwQ+5nd8XhkW8mUo7eU="],"block_size":4096,"path":"popups/disabled.nuxt.html"},{"block_hashes":["dSZGQt8RnKDvKQoGnrtIIMYhqDMt8WQXRexNaVbuz2I="],"block_size":4096,"path":"popups/enabled.html"},{"block_hashes":["t/89rUJ5Oj9JHA6Hk0Y29rCB7sRGzsdIf3hmYaCNiOw="],"block_size":4096,"path":"popups/enabled.nuxt.html"},{"block_hashes":["ZuikoC3fPaEsmpPUZLCUjIdQ4Gnxv+R31TUc802ZsmM="],"block_size":4096,"path":"popups/not-found.html"}],"version":2}