{"file_hashes":[{"block_hashes":["Ce+mvyq9i3isfqa4LhUaRSyW0DehLR/32MKG+6e1IUo=","LQWS1EfQBJE59xv7TuYu4MM41eY1qj+VlD4xhEqjbZA=","8eIGVvYltdFyttZv77L7XlUxzYVCjpOXuNPvriaarD4=","bnbfl37oNpdrsPNbzGR0C34tbBneEFZeDl/3LA4ZlTA=","x+GNIuJiCiTYE3C63yUxB+QUW5ZNq30IN8N74J5r4FU=","xtUAxR1RMpiRFka+B04tX2XZasGsEsfrJUklRXer75M=","5Ick14xGe3C83HXT5WsIZuLnMguay9vd2Xi37eVxEyY=","0UO69NXH2RySmn6CVZMVCTKidtB4OxeDzyxq+zoJ1ho=","G9BwKSYiuCUGenmwHxb3uwLTkNSxHmNKm4Bwobwns/o=","mPr11xqLK3LfYR0PZNMLjbePB/Kmt9zfmdvX+sa+jgQ=","epxSgDKqZ9HSRFBtYdF8H0wkKXyuFtQAZO9nPC66jt4=","DjvvyUs+ZaB/0APUbdzL3n64E2ivUXaUkfSYsfFecaQ=","uO5T3e9TF2VxAHQ+ESfxiBvtY8AV90//HKIbo2lGG+Q=","8NbH0Fk9JqgRkFI9pFwGKxvDXUobDvc11perVc/SNOw=","jZX8nVNzhSJ01l0D3WwifKf/0LcdHwZ7toWL8YHtOLE=","vhzOZCQ/5aZ8bax/LAWW0GCFmu4h52lqWgBZPLIcyXU=","OaeJNHDaakyQjeVpVabHblY4+dEuK2JLuTvH+1KsrAg=","+2eTgu1cHb2sx/1TJkI+w177oaIoXwhzNV2XlKlt2NU=","Np+KeOJaddNWYNA5j6DgCd7TWhAG3G33TDayCEVz0qQ=","yLVriFkISLUR542xJCZI9hWVYx8KRamC8HWWdyubZsU=","J+MLV9rv2GhEq15ckfqOO68q6IaT6jIjf1YIhVTLZ4E=","wYQKxkBU631VLt+xyNuISc93q8MYoHzjKRii8VwioYY=","7aYxsi6EOCyup1QUIZh93oxJbGDG8qbHYK3PXUyLwFw=","RW3HGbAjIwDw3QqROYUXQGIbTYRV6AB5JbPGbFy+v8U=","UuMBJY1dKBvr0/7q9osD/DG6P+zP6sVufhXAaWJ1O4g=","xlXYXRdALUGM0GG2Dwp/Aw6nkrWvLOWFMJoq/qTv/VY=","QoN42p285/PW1/fFLbTxaGTZew+luyUdmpqxWRxm9Gw=","D6t79j2sEve7LoyLEjBU/wNZr9KQ2fK7bU9DH8GOoWA=","j4KO5qCVTVhBpa+YeFbmmUsVUw6jpcadI/XEc8be/pQ=","pkr9+6X7v2UEpDC4VIy4x8C0fsqudflBkXnoV89pbxg=","8kIBNg/Dt0ucvCOsSL/wTEWY/I5TSIzK1/pOIKzso/w=","CtsEA2k5AEPoF8k6wERSMjAEFQZy9vV8q1CgLm36sQM=","WQFO+6M0lUDbpoCOpxKmIzPKmgGnK5GkUDy0TaJZ+HQ=","BBTr8kGyWdooYVpLZ55BdQNG8ajtKkxjlo/pbt2PBTY=","Q6pk+Bav109ljv/KkeLIJjPPZ/BA813WfkqJ3T+DiFs=","A75x5D6lPppGUlMEgVWZ2aCPLVNgu67h8ev8v0wLqQw=","lNWGK+9VUf3jVqyU0dnomHznC8Uu6qskhCuhEmT+ig8=","X0CQCyRWk//tLkXW9InXvz0RAxHvxHrRLw01u4ep19I=","lTt22psmW3sokqA0uUhz6d0feffIe0b44GneJ0kInG0=","d+wSeysMksztjnWQeGumfbh55YrxcJdGfG9rOsqxbQg=","sHSZciRd93E2rA97a8fftoHYFbfljBJke2Bf6CUqsTo=","K61tx6r9T1ch2BJ6xjZFw3JrBSTmGW8CsJWxf5gGJ4M=","O3Y9BCAhd1hC9R1MRIB+WzO5rm/oy465g1OSkfHASUk=","x9bAB0q6QO8rNI1whIS/DshwjrB+UcT2xjPoHjyghb8=","J3abg6CNLvFh6qt1C/OF2rgL+/SSUoZM6im1qAhNZkQ=","y8lCvIvbTwwPOJUQ0z+dxMdqn4AxhuOE5F+VLxW4Y+c=","b7PbXD/X/MGFqMmHX+Eh57QLU6QkoTdx8nOj4DyFZ6w=","DDx+odb2HQEwDJe8C3ON3/rs/FiSCiaHXKCdERxBl5g=","aEe4OY756U9U/U4CA/J7kRWakdb8n5WIqlavD8oPn/c=","1FUxcEfgn8PXc4Tk/82vZIXete26lXvtW3VP3tc9wWc=","hv15YviD9qCZ78W8oe4n7esjzC86B0KIO2WCD9oxn+4=","pCaTV0pgO0GOkDQA6rweXYeexQRGFQQkTiljkldxr2w=","aMiUVcPiE9a3CA3wvCe4Yt0dDAAmmfp83aKo72iAfM0=","aTeanAa+9zwDAGm9Jo8wSGVLp0phyF9KZr0UBqUqXvg=","/XmQ2idHz9A4O3Q715QWWaNlJbfjfTxuo9h39fbg3Y0=","5z6EsEDlHz0d8uHhE/l0BFmSPyPMDzS4dNT/FtBk8HE=","8od9/91WUXsA2ARVBTKHQ7Y6/lJwm7NgNiF0mijlOl8=","P+cjirOhp/grRdAw3l2h99erD8eJe+C9Ja/Ry+46Ehg=","ArnTg0vMi1RVSNFNW8xjPKNg+JeGiVRWs+Rk1txRv7w=","OyPwTWCBcFRL7dgvN312cZ0WKdUkGPp7mNMh3GJyK+g=","6WeDoMgwqFdB+iSDuGYShzkoo/yCvEETRYAZ+YBwO7w=","ZGKDJYffwuhy8xg1wIZqyBNHjKKUXs/lDsfwG+QwZgk=","NvOCeysoMts4qvfVc3ubZC0VHQ4m5eIEO2qa7KttYhs=","zCXwZNHKeiwK6niZFonLNlWHRIJOwex0n3vzOqbkbU8=","KwjefZrTTs7UQgV4VbceOFxlrJcg1tp0SAPi3s4fw1k=","7vxr/xrjo8J2WAFlfLhNO27Qy6OYCmeSCm0+d7U547M=","DLiJzNoFczzKs2Ld77ZxtVH1WVO8BlrFusNm3JFvL2k=","XELbPZpXoCRcoS/raY6o1kqZpBsPD7thoD2gePDmP4I=","Oc/gNdGy+Zc+fHk7VSHPOrAUJV9oftFAVqpJNs1ewAw=","W5L3O/6FpD4GgKYaJuQdvGPaiZNW1cHiBjmPaMf6ojc=","kPhBgIEYsTenyFQZj9a7DpCQ6GDejHPf2bShzAjND1g=","mITAlAIsMtXOWmk26locuWZaj1nprme4YC3JvApZA+c=","LNRYxWd/jvfVrxFNog2OPzk3gZ9LACXo78VZXc95Adw=","JrDJoFob/HQG66FU+Sb3pmiWemCORiOEQjxdt3Kx0aA=","BWCPt1HOA+rMcPBVp8tO8fQaHJO0Y04Q7ApjsfiiHgo=","Mc+CQau/o10ASiqFD8p6JP9l5u/LJIGjp2lS0L+XtDk=","DL3qFAVTVKGqtLw733z1w6O1lJ39468rBV5HbXoII0g=","L08mLSHqoEqR8vA2+5DcZYgDet+Y+WPTnR3ZzX36M98=","5DpQWV9APKmZyrg2Q3mFEMo4icLoiuiI5VC2MdrOF0A=","AmwgAMV1MmKKX8MuAx2z8EUZ/zETPargJTC7wKN2UYE=","N+AqP1P6jsXEaG8GttXzmhjVq4JPErkqVcDpTDm3bCI="],"block_size":4096,"path":"build/backend.js"},{"block_hashes":["rSSeBk9jMcX0pgjuJ+z8Iu/r7PVtdSEOhmXo1q9o9vs="],"block_size":4096,"path":"build/background.js"},{"block_hashes":["pdnKWDfleSTfcTJdbYhE6mbA30qjzE9re7IgsHRe9X0=","iF7drlsOltkXcrFqb41FBqdJK4AO0GW5pTQV8olbUcE="],"block_size":4096,"path":"build/detector.js"},{"block_hashes":["T7/YOK7avd0tVOgjNU1DxzoSd4PWVfv5WR0xjqm3ji4="],"block_size":4096,"path":"build/devtools-background.js"},{"block_hashes":["Lglirhe8xAziA5Dr1ungvhTYZozqraE7GRYqU4Ljenk=","kjdDIbS3jpcD18xRV0n1by3lF06Uh/rniavmT8Wxwts=","515dOPd/ytFd+HpxWHXfnbFAlbWl8/4L0vfC8XBrV4E=","sFEJ1p/aJTueLZ0HCsk/QHQ+RsOcOZCOvzE7lLqj/i4=","8oz4JSCKgZwTMbE8M4B3hXmejeuKxdWk96ZBQVEIgXI=","85O7HswklA/iTWJ5asI4SY0BZQXiBcxk4A7dnSZ/Ouc=","+qUoEphBWHyLDVAIQutvzV5W3nkpxmGjrO9trxe/GnU=","KsMYcc1yJYzfRBtIY56l9Wgbvq9X6O4An0wY8s/kWFw=","hXRipIKYvSa80nk9PNOYoXtL2Z11BpPWwg0lszoQbUM=","xnZAApS5OAurHrzXcA3dHtpux4K58uCFqedH8v5dsww=","4TBJy1S2ilaHhFcuC6mCAWBHoFE7x3LvDj2Dxy3nx8g=","pGhVg2ojFPJv+TBlboyegt13qKd3ahyF9Y6ivazYvUw=","TvdHvw59j/006lthcC+felD3h10rNtyOjiG/vm7ZXmM=","RURpzvQXSAxpRMCKG4ZmJLZxaREQFraGWiJqH/OT07g=","QBtBrjUWjHVvKeaIx10NTI3ZgnYxiSuyhiBV4EVLIlA=","ZXFhSMbkU/PNsQ/Ja004GjIYaqp2mXULNu1JbNNH5j0=","TOrwWIR6monYYDWJTwK0PHs23SGrlcjTH/SMyFd1/Kc=","89sVHIUFyee3WJikxmUdXyOqB+ZG8QYMiMAHn8K9+LA=","OUvx6pbx06YflBIRazdtRrIJtCSDlnIoe/xNq3w+lBk=","WRaEHDz+Fihezeozr4EhonD5Rj9/RDIfPH8vN3HvbuA=","29YMqzrGCzv65zhABE3EvSx3Yf2mv9Gsw94g09kJuBw=","wVEbfxumfOlYq9DQ6zZQMHuhdVoznrqiV1aPLrrISnE=","Z9OzGg+Zjt9l75vPJ0qqtCeYpY4UVimr+Cxv5jwMEJg=","A1NcXWb6BGChjWb9QEuVEQmCpP08Jmr8Iwwk3ILSYcE=","BhSxMUCV/ZOC6vJmkWWq4eU15ge9utUgRito7iKLif4=","liz1K7adtwk/WmAaKNDlULPIU1mYJ2JOLuT9DrioPzM=","deeWafMIK8GWloKBTFdDWbu1YaYW5IZVAihpmr3C2xA=","Fzulq1o0nkeJ1V7XBfhdd534OloWSKUYTfEZGRhVEnU=","XXwvIQePb8m9WJR2bm1+DNCyEwXU08zpMNyQYldiN/w=","NGYJXSxBE2j96yS5olhQOPvMaMSARlmTe1esaNbFnp8=","z+W5V8D2vV2etCl8Fy9q9bQUCAJm1JSlrsC3Kba3Vy0=","yOB6fnwzbNGo6WgcYnWJH+4DRRsaaAihwhPyFlN+BTE=","yh2kj9FTxxJuBMvwb+Ug/cPJ55yKagjQnBZWOhta5QQ=","NSCATuDZGSmzfUXA6NmpfU+x1G6aLwW+dHnjYyfoT7o=","vXNQ9rLPEqDBhDlpL5YPZaG1mWjrV/qE+ZqcjHq2kto=","o31KntNBVmTW3ycoJvnDKFgPWNg+fxj2WCXkt5x78Fs=","TYL+y2aI0YSHtjyNOc5TXuSDAd++nOOHMgzFxa03UAs=","JrdobP2jlPPL1RojSeqkJeyZewDF5nvqd/74ZP1LYC0=","TRHgFa5t9REZzLO0iexBTe4QHTYtOZPSEW3C7QE3vXI=","9rZ2pwDxU2RWFw0WD8Z719ihi0nPPMq7DeTUvAdf7LU=","gWMtT6bEN5NwzS/PSe+zMNaUYl5nA6j6yJbfKwrS3bc=","NkcGQcFzHdCH7VqmdGMnK9gq+hLos0jZHsL1Itf1H8U=","nxa4CBabGRx5Bjh2ggcFxQbnCGHZQolbc6/OyjpATKE=","wahlUZoY5K6xAfhd+z/Cn9LHmvZ5ag5zYZQGFmxtG3g=","wDonK34x20ZMpjnAc1eYAAUdhjGzPXLZeaXXiADGe7U=","V9hU3yRmEYHDL3HX0n2Hm1e+pnK8MjFft07uj/xqgck=","yikf07NzA/R0K1zj1b+XCF2l8++CWh6WjWqSFHlqO7o=","auLh9E49HqfAEbzl3pBD/zwdesJeiGXjVZbDAWcyS3M=","8On+mrRnenmDbQYDIG07/cpwHZAnASTcQ8nQWIqOEK4=","vUaSRwK5UdbkL6GndNwcnRaGwajAz8vA3naVThBzXTw=","fNokFaFhk/6oJlLBbXXlM9eUpU4466Yxlazr43pcTi0=","AujiJgPsLgbh4pCFC7htImjprWCdgUicgndQog+sbBU=","8muLnKJVSZ5H9e4Cv1ZDAY3YfvlnZ/9hirp4aWodw24=","xaWCej/LsTYgM1dVLEVR/AFyCA0tMz0G6q24eBPSgDQ=","dr1p3R8Mlj74n8iao51e2BSTJoXev2Lbo6Mb6d9yFbc=","ieRkBBa5GxDSnUqhRoWr/UgoXGJFi20zria28bawHU4=","H+s+2HKF/lSkw3q+r1jU9p08okRipYzjkbv37UE7n84=","MPe+43tuBuQPzU7R9hRbsqyLIzwwpOwwXmBomYvx84k=","q/arZLDkp0AIHDv13D46kvuZ+iiSV+MrpMre4yvXucQ=","oZoco5in41c+O6r5NsWC8nptwgc15XSL48uEKCiLbAU=","sWY6pOx1a02rhG7wqjEb9uuNlEv1j06QLm1eCqXfl+8=","KwFllJKfOApLE3zMETrUOoX1aEyZz7CCTaekm8blA70=","uC96ssRH0cVd/KjGHwodIKCXTTk7KeIcrVuZft5Muhw=","MyGfCqcULXF3xG+49wyf3U95wurs1VR3nlQXTMlXuok=","1nCSvUqzRDOP611voNih02Su8BDCsvmFdJ2MKSP6Mnc=","qufsHzyyRoiGPpXDr0m0kAtFZ+ibtuEuh6t7asuD+Vk=","qw1ChqNdcbAtRYSpcFOr1FNkDGPxUdsoqa34r5zzXpg=","XGWpnh4uLzm5bixiXm8QeXl47tOIIjIHQ68kQhMldb8=","/5fCUsNr6/dWQMbg2SJ1xdu2jar3Dcz920v1jT8oQnY=","coeKSgH6VZ3oWFn1LDX+Vqe5L/DvsMtSVze5g24YyRQ=","Q9FQvfKgLcGU9/Q18FGhg0ld8y40dwUikrC1Cuyyt6Y=","7viIsFNYYqosk1LeCLSFbK+rXLj1eJeVNec57sqA5MU=","TiPVcPbFZdb9Chzkq5kmd8FUsRoTdlFGzNPITs1l3Xg=","XisjzPtzhig7P3AUoZhh+HjqP4mOJnKCWlxr/J7CONs=","2MePhXs92+hi15/PCS6nlIsr3ppWtHSQFePX/nvT/4U=","PEwQMuS27kZ79lw/TG/XQna1O5iGWPdYKdVz9IZNhE0=","5Yn0fFzgWQfiUS5B4jDjiRo3L4a0B8tst0qybYX9F3s=","AM1WprJ8HB96sA922k4eh8MwSK4MEHM+/A/KH2jkZv4=","yAmjL223zDh0Kkq9o+Ngg9Q1guGeMs1eDC7581VVwE8=","gGw2Dx/74SmqpLX1ulUOynH9SIGHV411s9XchP3EZuo=","9k0+/tu9L9/x6U/Ddo/QaGwiANYTmupFSyhPZzmi4Qs=","taj5MTSyYbMl7DJ4mIC9YP9+SCFvwYS5tcwmwa+TTg0=","m/cILX0BL+Y59L/YyMNzHLD1Vs3F9eGVekSJq36os9E=","hoszcLAdBIR9zBO4m78HifNYu47ob6uUylC0aa+oUzU=","2lb7bD8lCd/x2tdVQr/FrpN1XarNSVXLT5Q5nNV/ON4=","DnLvFcTemdRUzI1e+BgJRariJ7jkosFQqxqKRE1YFFs=","3w+PKEAW7hC7t+M9IflrU+02BQxA0yA4DPQUtmMHrpE=","jnAveWjKz+t0uHIe6qD1UMBlIYaFhoaow/Is+lidgkg=","SjKYtUDgqejePpQxMTQMJKILnEy45sAAINru09X2aWE=","GChBSlnfG5fZ/Tgpq95AVV4JODbN6yo9uDHwygK9OJw=","mLyLPjPIMx0p3QaWsDCnDkM5qbRXc7u80hVIxsJy4pw=","fEYatI9lLrdf5JoSqVVWaEZtnokeAtuJf0E7m79Fwek=","IENZcKpB6bCQ9Ab/+Vtwf0XFWu9BLHFk7SWYwYfMh5I=","HYbVURtob9YevLiaVz2iI3avsqKnoAp0YEGHq0ELs64=","4c+M14MrFYbCQ/UuMBpNZnKT54muy5Lqr8RTCaELTjo=","+b79HYCJ3rbi8b6AsgvfoF3EDeLNoQHcOQiCMLBf/n4=","CTxLwIkpyYnkERm7QmCvT04wrP+5BcAFnm21Vl+0cbw=","Alaotc99pXc0W8JjGaihnAuxbu5q+vBp4XY0nbERYwo=","nRxb8OM+kBjnXbzQ2kjPpSY+dX/94KE9ds0V8W6c3j8=","Mch8p1SKJmnzprNQA4cfEseYSph0cM/Qwc4Yu6bvTtc=","6+mVehtHlIVNRgYjAPSuLytwcoIf7MF9l9YuxR3yoyI=","BShIKaNX9EpUHaLsNv2XaSPRVPptnvJDQoQEB/J49g0=","iRnJlzzHRHXhBFw4ON3SkFi/FBzPTSR1tlLQAcS3stI=","hiuXkkxw3Pv4g18Bb38d7rNwGqtVKKdektjsH5gsfDE=","4nIdU5cS/pFfRCWkCO//yffvX/BFEEMUDU8sSrx0SG8=","Aowrz3HNiN0pstwv9JrlDv9Rlqwp0VadiX3gZXRDDsA=","AgxS2Sg8F7gsi3fsfKQbCr2HUGIchM94ldWOkDGgfe8=","rYozzHGeIyU185VYH06MhwPyVDuiYV8bAV8a0GT0InI=","37nIEqOZRkeYed990NLg7beMIt7E42yHrJewU2v1gGE=","fZ8J7OL+GR7RHdVQpGdZ/IHtQJ8AC4mir9aZHWg2/EM=","bJouqgWmxSgI6JnL8+0Q6yEgOhLVs3FTPtfuOnWbC48=","BLF5L7w5zgmraVeZPS3NnvpWBJU5Y43xYPQZtHBWxIQ=","gBR11QBeJdsPMGIDtPS0Dso2RmW7nV/dVRIApW4yy78=","vPMZ12DT6Kb1/7o+k+xSRReOu2/7jU5Gbz4kkO++Qrg=","lj5+T0ZpPS9gFZNY/plV28zK198WdBdrxWukFWqqE5k=","JDNOEP9iM29BBDHQwplFjosG3mSuw/44N7sGqqizOtc=","AEvgKspVAHHD0W4CupeVOyYBDw8R4lkkatjUZHDAhB4=","6+cHncfezK7tgfCLz/WLgTtGBYCm10aid+g27h9R954=","r1itHkZj3HjSl9vccxVtF5DYlsjxo2Jkeh1FSZ21bWs=","miu2L7cc9y8hUQT4sxXNFxgcb7hw8o1IAAtyD2hNeyQ=","9ZprnwtCAI1F03QSorer4PsbQc73IqgIiDo14ZDwAY4=","cLVJl3UvStNPL11LI5ExHye7lAxPJhD0FaCRzbmlPSE=","g1sLzc4fTl1ctN5DxvYmoDywEFccXjcHzWXxC+xgDkw=","WZDaQ+cMZbMG6QfBBaUzdnTAIvXgqp302aiAIZ1w+H8=","FC4vg3gLxRGzMGAWrrxvySBbuv+04WmaZAUMiHTnH2Q=","lqIB6G3OsgTuJyu4Mo5y7JjKakO+EtW1mK2T9Q2nwaM=","XX5Vwfs4J1lKzXDqZVuaOmCqCJVpH641S+pjsw/x3D8=","ep9RPqjzteey7J1kPgyec4lAC3hc0ULu6mxPOpag61U=","ITkmon+E1yVNFN0/9Iq58AhWTyaqdNQqtl/gijLCckw=","sckmROD2osJbhnWx05DlVDPuvJquuqkibE+1+X7WbnY=","jSjNezuWpNj/GfnwZYXJZxFD++hOA256KFT09Xap630=","Ie2+5C/gm+NuUmY+yVMCKIZXZ7CzjRsghkMmaWm/HYs=","bdXKDzjV7Ok9U0QirlgRuXrq8b8L1bfXVewGulAoDsw=","EjHTTfiwxcRLohPd4M0IVlCMdsAhir3wxVQbKquMHTs=","gTetrVTGysvBvBAgQEc0H1zBdyY13KI4LGj52DIY8mM=","IK3GFmouNN6HLTxp0l4+FK5CcvWzaeWvHMN4huz8Rkk=","3G2EaeG3PeMpP9Yqu5HU+KL7D6Bl2IWjoeaE5evGRO8=","U7N3uErmM48uq4UvPvn/mtNMxOQ6wNVsSe9p55nVie8=","dmKpwpuAr6mBB/UeUOzZiwjJaIX1Du6qyBjxXtlX3Kc=","NGOfN9ItC09ZT9JOO20FRJd5TGx+Kr6G2ulyJFTT1m8=","JfZEBfE++0qqf4RZ8t2SIPe8NrPXWl1aQRvMVSLMVVo=","X9dQifZU/0vYSsufLkZQZEPXVdlWS56QmMmQrbFff04=","lBtk1ZTlGzK1hv3z5mA8iFTJ5p3uADgwTfwz+oyyidM=","/WSUstuMRhPFhDiYZvK6M1hOxVPVrvHu2Aufiu/KP5A=","4WrWTRbW7aiO7pr61v1uHT1ipTAZLyFUiVmdSNjlq0o=","f2jFcmezGsEzTQb0O0earzsDzpsCi8lQ6f5bCn2ZWQQ=","2+gCmfbxpVsaEi5HBOpnKYDoKpJJMX5N4Cn2NIOobQw=","yiEYK13Lp6k/U5V+tmmfkA9z6XT08ceqbaoBMexsJyU=","tERG47VSpXGQz7FaXtuvia2b8Bhv2oQR47g1CYe04KI=","8B81j5kQUOhoK7naB+rkFzzJmdMABaeWzorm3HQMpRk=","AjbbAkHe9vQDUoW8Q5xfkfoN4/3B/P4Owv4xfNsPSYI=","zAa2Di/Ycq9zwLzpxHIFPV7R1OBbJ02YbVK6KYzRCrQ=","vLjOr4qj8e9xMueZeYoI/pQw5MIg1sHPk8DO/hEJyNA=","uC/nNLJNzV3CQJNRLkW7WvgAtw+uBGxRGD+4IAeirJA=","Yo1iju1Ug2UT8cuy7TCJz3viukeATOwGXRikqrE5ohU=","qMjpHBvbwZ847gQy+eP6SHE6PeJPXT7lASBs4cSrPqY=","cpAnyOnycYgE6Dxm1h64WLFFIciQQwac2XiB58caQ7o=","3ngzoJSLlr33A9Nq6D53WIrSx9NK2+koGHrdhwhyZ1I=","1dQN0niY6gJUplGa9v/a6Z1uTdprqZ3bXl7wvbs7h34=","tHWC5qihcjg3/iEU+54yF2616rPHXA9dPzoJylJDYjY=","27bOe4iRattMIp/q3yKIgsGdsdib/v8x1x6gq+0hXYA=","g3Rzd/nVQ7NhHm8rNGdhtechuEu77YU7ax2hvnxGtS4=","cOZG5UEMyAgPEUAsEzLT3Mm3JppIQJRBeHi/9RXBi7E=","5QvQ03B6Ce87U0oWtpVFxr3VaVzw7MgBz8TS3eHXibM=","aS5on4KH1R5VHhywpG9aUCeZl/fqcyC7wcyWr/2oDS4=","2rir8VoDnGz+nX+9o8h2u85EKus8Md98lrlq86i2Ttw=","UciRGTXkPqg0/fSncOwqyGyWY9xfEUa9rETCBDH8XG0=","l3hVi5qtfEBWrjYQSJLDhNZLcYyGl+mDCOlQCjI6MZY=","7IdJUTMVcTgnpNjSdpSe6SHEAaS6I8o/+rYnRmrGiMo=","BefxEJm0stDUTJS2IA4GQKNDuJAnuaq0YjG1rSeu9Cs=","upyD7naipTvLBzqq4//RW4IRuNLDxE+D0RMUqXy70oY=","e3FzJi36B7C0fvBKGA59gNSVodR7WgivBITHLnkFayQ=","M5HRDHkvj/8dIFi0yn90jBVZx47NgsPKIksghK8Yfz0=","4z0+2U+hFO0YLVQ2JvIIhNRJDYOkrQxOpSg9Ev3BGpM=","LtowNX0M4s6n/VyrK2V975xeW/qkFgfzHqpqS4LxxmI=","WIgBLTKsGvAp59TuuE4HoDMtEbaB9QZCbXtczHhHg18=","6mpRmEUbdnl9xxLRQyv1xcJ6/SAsNp3cwxWEn/hCmiU=","HjVzezifoSlcYCGdnTgA+2YdCvlxA9tdW882jscK8AI=","yjLvLoMV4OOSQ+o8jp4R/PrubrlLhUWBfLrZ8+iyGDE=","VwD/gqtzc9ZW4e3rBGm/vLAxOKJdkv1BFpVmgTtcA/o=","TYLyWdYg8TRpCmMqGVNVIfAFIL0prHWvBTD4lkmY/+M=","2PffGq/RPBAGoOCDRFL3CcjhochDO/oLWKnDqllI5ys=","pjTNl/LCfE3uRW0VV+w6m17pQFJEZscURJaRN2Jo45w=","kqAQkHj6IEPK7WMXhQbZa/zx1ahmAwUwLyy8nW9rF9k=","zK5SfHk3SV+IrpfmkEdfXXoGNj3FxQEvyXLJL8l+fig=","O/DJ6whcobWgMT+SdZo41Y73vVCknsgp/qQr+XdZl8s=","txXr3SN9g3rpkraJ+RPk8XoqRUfcP9fW6Q7jV/71wZ0=","1OYP8zlLXmdWLuSo1r3VOY/PIFBT0/qinzCcXXukQ20=","/X0ChRGEAwa177JVi3cP416PhuITSh683bGwbRrv2ZA=","qiQAAYjkQihBx2F6F2cqvPkhHi2li9ra0fbRLDvcBqg=","kGAslh+LopVsqPoQNkqfEa/p8TAaFVqhVMWcSlFH5ZA=","/z1B2KNVESYUZeSpHpnc0Nu68YRZ8XSaOYOy8vVfqOI=","tuaZSjH+vBZsBwZhtLsYAmlGxf4Z5Md6ClUbn/drJaE=","oIMkDe6smBco8sGLGNrg85vumFA0EPc22Gx71dTXq5w=","RSA4Cn0pPr53C+ipKbilJM4EgaPbnvN3hxjS32ilx2s=","dEM23mZ5LSF3Yln7Nug+GY+OzPeA5Fu/WxzSshcECkQ=","thy9R/vFCEQitqEIG/CM7cUql+xwoqZivR/+TrdOzik=","RQFZqeerm+DcvpChJDkDPXEMk1MBqGP6BquZLQxresY=","sIUT8oIZKqHQmQPNi1ldV13P5UCHahT7Z5xElSSyLTA=","AHP7eaYDTGT8cvpj5neAND5EU6wTcyGv17SH6fbCQf8=","UYnAPAHKMAGcYB2hUNTz+kTiM2SppwL1rstFJ8f7HrY=","zxu+g5PM60oY4izv0HHG7Zr8f32y1lPmUQ9OhQO3rLo=","zla67CpMB+qsh7HZKefLOcg6YdkshGo0hrnKEZYGW0E=","D94zNqZW87nT+EIOjEaRmfS/PGM/6AvWOA4UxL6JkNA=","rWNeaU9EybmNhgVDetiWSkmji7sr4YHHWzgCefnn0nw=","VvXQbo7ltnVidw+TiEojzrbqyNC1/wioFmvMPAnSiSA=","pKjFi1G8dbYdEQjgwR1ETDnfEZlg4iPbcQcCt70SJpQ=","vltFES7MbqtZTezqyxd8kxR8qcVtll8sA7YsGsPzeYo=","X5emU2y2AogfBx99LN+GqNDN1/nYnJjrKYNCzipnI3c=","0ZTM7cN36S+cn5/4qDuDsx0oVPoiQHqXzL3dCJ1/95A=","lLCsL3ZEN+dVXFziGmTtByz/z/K8Z9kUUr6ZU40EeTY=","40RTYZCiayaT3VA1oKVDrDojFCHZ0Zd4sH6+rt+2mZw=","fYRhP4BjQsqenqNRcm9wodMKKMccs4Gv6V1S/oUiFqk=","UTdnC62lfMbww7Nyl3u0b9C/cpOHFgGJoN/BhFfxmhM=","SOa8dYl6OcxVRSRLPAw+ZTXrM1ODeNun+DPtmom6qco=","QXRAFRiIr1l/KqGz8ZLGllalBjTz3Wv9/fEh7bChNwo=","0l9ynFnsy6Z6GjMDJPujGjWm1BE1Js67m7mCmJUjlxQ=","Orqtit7wHXquc3RCpvV7Jem5aWVDI0Gc3Gdj2jzcfug=","VSFqk8k6vhLNXSSnbO18yYsuQE167o/9ddnGLRLGrJI=","TfEl6irEciScDEhAawwWfpXdT9xvvl5sfN35udfNJdE=","WYturyz5pz/QWKMKWy0i21h29C5JybBZUsKuLUoJzP0=","rQw49EiP77cI2K3KU8Aiv2RYBhOuwRn8pAlI1y7D2ys=","JsiKuNbeGuNOAPzPmrk7Q77J3z5j+i+HVU3MZ5HZMuY=","9y0s1bOI142N9APOf/odYi0CQURTUIX8ng7N96pl3lk=","aGZGrqaaYbMUXXAmLUNJZThafE2LyFQ7fVUrP4g+VMQ=","xsxJrB2adjBfxO1hheYOUYwFVL9RchjM7IWAuHUmGAs=","Jcx2S/anEwId0ndq3/hWUFSOBuoqNJ4U9KM6ZZFAE9I=","jtQYEU0GVciohK0by7dTyO4S44SNeO5bDlZKvEzIwx0=","6uxGgzXP+psrI+jXKxOtRf1kn1n1dEH8tOoKlflWcbg=","hqC7XMAHnv0vxEBVgOsiP6YMQ5RNITYRroTZky3GbMk=","Ojj11m4ygYztNM+r4MHj9FHjIzsRdYP/6sY7SAAAUEU=","bTrlKz50E0TAX0yjL5H+KAB0AYcfBGpSSmr69+ODS8E=","zw9+NDfsZcfv01AQP8j/aZec/VpOtl94L240IUbXv0c=","SepwYZamaeBMW5/gBxgJty6npCdJqzfr6VLDCBnmxls=","7LrkwADQO1u4jGyPJrxiYQWrkteH0VAE3oh9wlqiZnI=","OqhTd4NBHDbmgsfX9D8WTbrUqcHM7qAxSJevxzL+zeI=","9TGbcavQg0LoZDwBXOXq1lPOR+ofu2/GoLMSxWQDkfY=","LUhBiThOedgNPYDsDGSqD8lGmCUZ1wLASl4wUOHyaOw=","dHOfBg8rNe5ZrIR5rCUWhTuoD/wbMvLyDXXWwuseAEA=","oP5JQhJsnhBcocq7WP17Aj023nO2A2U01da4x6HQh0c=","vYD9CXdCu+rS9Q3zoceVfcF2Fve7XMeSd51cIvEaggY=","pAInMdHlhAIeCWiHIjbrwdh/Otqenw2YHF3UOyPO6JY=","HisrVZ6xCLUGd3+Dgf/45YGsN+wb1wkhlNAJQJoBhuk=","kokCXr2I1Qv6zJGouJ94PsxuXl3ct3YSrgQnES57IpM=","Bo10lNUOcekiUaIbUka1g2Npc/wYCuifS1Qvaf2xpUQ=","CkXDpvl3uh0AuyhG3Wi78ZIMa8XXOO+ZteCsV2gsWAQ=","/9DhFVcGyRHRx8ShyTklK6bOnF6zgSqXfQXJLWdhwyc=","ymUVeNP9bEhrmYyV8gsC8/Tj/FgQP2iO0vv32jPEudY=","jJ6ycTHoFEN2njj+CZUg3/fG418r/D7B+WcDf0DIbyw=","1eTypc9QN6+rlTFYi2Igof5i7KhWGirderX/qqknnZ4=","EneA0R+9BujxPNgJH7V0GAy12Z/UzAZ0B2ogyS/2igg=","Qi5O6vxCHkHgLvxLNpJ7D5aTDAToe6BjEqL8H0YCDpw=","50XuW1uoBKlbK8vejpbuCcfnMd25uyVt5a51ga5GblE=","Fv5T/tmxMdc9SWAeHqdYHJrvrlydpXCKT8PB3JVbFsE=","xVqQn3SoxQKJmFWq9YJDSfQd9kVhhxi+XoXIfsr+GpU=","YBr8ThAvarVCZk3YBSwZUnRnMIzDajqIEeigtKPMbvM=","PTuG+5chP5DKMFgzb5ADT7sfbQiYRerpzB36BYIZynU=","WAHA3pt1GQ3zh3ur1PXOd04np+p8hGs1z8c0pNKTdK4=","m5EXnVgdxjpvFVSZ258kSM4cj7LsLa1cNnsM0y65Wzk=","pMuwpFhzqLwE/ut54yLd255lq9tg6iN3vupLUQHUoZE=","8ZmsJ/A454X/UCyTUwAcbTMH7LNWYFgIxN/eH/eYgb8=","MiFbeUpo8hMN9mQdpf/ig4xuJPh06anzgSJ7bAY84OQ=","bRrWRS+P2KP++RQ/xLnfPC3+ne77Dfy7GwSh4GFnFo8=","PSnzipSIP3c3jmb0esUXKHhrx+AT7WN/7J6j6vqxxf4=","d362DuGsELAyuts+XAjwJgRXpu8rFGBKF91SBvB518I=","E3aDiF9bzlye1wOg43A3LhRgvTL0ctvLXRCqQac/mbQ=","NiGGcGJcAMyru+6V+Ezt42qxxGV9scPZ5VYsMRvk7Eg=","W+IM6B8QTjs3KBdtdTQDy13CXkYmu4AJIL7UzZpkkuQ=","3WHwztbTvitXhJQFPqCbBvo6TJSRS9Jx/5MOz6X1ekU=","QCySzV9LLd+9yRxyeifCHv89iup6445OHBvOtdD0DnE=","L0mBF4Hd42Eq/ABl5VIwujfwygacce2TGmNR33bcA8g=","YJu/DPv51qCoGJzbOKTqSCk8h/6y4OJtD3I6I7MBRqg=","gHWyXLZfLOcVpM8RDUvrucp0mGCVv9VypntU6SoOMCk=","wnl1wgRQW/r/RH7GSmZbh1WAAH37F+UKRsOq/KQnf4s=","ZBgYH1eoN55vLSLDHYqeAEUKeDy6TWiX4t7EdfWjHCk=","amEFl54mESn9T8Lfb9ijwMcN7Y4peScErjn/6PwR4wg=","dPpDPKmoH1JEgINFFCqBq4iWWnOeuUzS+wzCTbGc97M=","W5ECuLyB3V448xt8JPeUZSUpupiMQA5GbGvkjNbYJQ0=","kG2KiMcWNfpvlFraj0IJcIlOJo+YSzSNZa85RErncAg=","ltzUxt0oDODao4XlpJDiSf1Kj1HXLepEUbEFf6ik8kM=","BXmg2jZuQVc4Queyd7n+V+3xNdrS7xxZmlVb06qw/u8=","x2KmHCQJ9CjFsOjvs841CWxSJpga/neTBoSAKhmcR0o=","da7Xd9LI5NsVGGLIV1ghcXBxr/+HPwoiUT40+rxzGmc=","/+aUd5dQMnBmqKJ7V+SOL8skAq3mwRHp+PL7KZA0Jm8="],"block_size":4096,"path":"build/devtools.js"},{"block_hashes":["mBIPC9jVkDRlHtZduUTtWD59W8qoUbtDU6GSJeYLClM=","eZNJ4OccfXeOqNXFyIIDBg5Kk8koPpW2ecF8lca/6yo=","HLYsYnaOgCLGUVwsCfa/g2RiEjW6ShNpoFteZhPulrE=","P8I3d5mT69jE/iGVyClhbAQcbYpQFAQMYABzcs//CSI=","wnveQtZumCTLa1hPmhBuUUdPOCbroJH0z6ReIIHH61k=","QDN3VShnk+JL/D90fFxQoplWN8mO8gV1sl8g2t93sWg=","GLKlHMZduaRkvyhWn44WkvQ+tlIwIbApBGMPEdzw/Ug=","9JFq6gskGSyiG/B0VlZoGeek6CnZA2FDQghSVz1usXk="],"block_size":4096,"path":"build/hook.js"},{"block_hashes":["DDaHSTRuJSJ1KGU2Fx/YFxbKIrGR+wWmDdEnHrSFwpg="],"block_size":4096,"path":"build/proxy.js"},{"block_hashes":["6s2BPAFo79KIymC5B1ATmPgTpPrkPembG2uBocDSb8c="],"block_size":4096,"path":"devtools-background.html"},{"block_hashes":["Vvq6Q34gxYDrFV2/qlEONBZuyWUUyjQKDzKMFWY6EK0="],"block_size":4096,"path":"devtools.html"},{"block_hashes":["C8FtZxMPj/AgSBmRE+kq/PLO5kU0WuckJLXllIb1BpE=","ydrx6OI3I/hRIgP1vM1QF/p5/5SOMffESK4QlNL7xx0="],"block_size":4096,"path":"icons/128-beta.png"},{"block_hashes":["34IrNAdm5ncdFeJJ7FvLiNWuT0v2u/JEj8jZqqN+PO8="],"block_size":4096,"path":"icons/128.nuxt.png"},{"block_hashes":["INXZD11hbvjDBXXTDiP+YctVLp+9goWdQfIuMpIbxMs="],"block_size":4096,"path":"icons/16-beta.png"},{"block_hashes":["1y/pKhHu+wN4Xy07O07LrBz8gqeE581M2T/IE7Ct8aU="],"block_size":4096,"path":"icons/16.nuxt.png"},{"block_hashes":["vfhR7PAHM+sZCTQvjExx9HIbO2grOF2sbJbXUBwRdk0="],"block_size":4096,"path":"icons/48-beta.png"},{"block_hashes":["62F44Mt87bGi1YahcCBYTLDMV1GT/2Wz01Xl2VlfEgA="],"block_size":4096,"path":"icons/48.nuxt.png"},{"block_hashes":["Wvt3+c3SIUvKH4ZR6EHxfmYjMyhDTy1FqE2W/Uxkl7U="],"block_size":4096,"path":"popups/disabled.html"},{"block_hashes":["DQfJakYz16o1NMw8o1AAK3l+pwQ+5nd8XhkW8mUo7eU="],"block_size":4096,"path":"popups/disabled.nuxt.html"},{"block_hashes":["dSZGQt8RnKDvKQoGnrtIIMYhqDMt8WQXRexNaVbuz2I="],"block_size":4096,"path":"popups/enabled.html"},{"block_hashes":["t/89rUJ5Oj9JHA6Hk0Y29rCB7sRGzsdIf3hmYaCNiOw="],"block_size":4096,"path":"popups/enabled.nuxt.html"},{"block_hashes":["ZuikoC3fPaEsmpPUZLCUjIdQ4Gnxv+R31TUc802ZsmM="],"block_size":4096,"path":"popups/not-found.html"}],"version":2}