{"file_hashes":[{"block_hashes":["qLou+e+fnHJZ7E48k73Nklow7TAIPcyIgrimLyNA26M="],"block_size":4096,"path":"README.md"},{"block_hashes":["JZu1LhLtPktuK2xF7H0UVENDDumHyDM2FBqGt5+sLQU="],"block_size":4096,"path":"assets/icons/icon19.png"},{"block_hashes":["A+u8RKAn4uGQ2Wp33SxqAisDIfoPRQmOuNzos9JdKQw="],"block_size":4096,"path":"assets/icons/icon38.png"},{"block_hashes":["LRNy1ZVsJ0jPeNcqfmo36w2RRhTEv3Tan8amaADcl2g=","MHW23VD+TckraNuiGDAbEHEs6uqdWaDzlb30GwocFyA=","pYUGm5wbOrlx4LY8whFvC1Q53ywrkhNGBuoMciQNLII="],"block_size":4096,"path":"assets/icons/web-store-icon.png"},{"block_hashes":["4bUJHNGOf9gLPMBF2V5n1Uvg/AwK5OKrykcHF8+ekdo="],"block_size":4096,"path":"src/ng_inspect_watchers.css"},{"block_hashes":["KDiRj6C9XdXX4oTMzruabG+mGzX+FSFCRkU2lBrrk40="],"block_size":4096,"path":"src/ng_inspect_watchers_off.js"},{"block_hashes":["HElTLGalp2GSu6j11C3p9HOx2XctjbbhcX2T6fr9Y3g="],"block_size":4096,"path":"src/ng_inspect_watchers_on.js"},{"block_hashes":["LmIIqNLujtXxHTa1N0r9iAU/zj37Dkw8pg7CmCs6nHM="],"block_size":4096,"path":"src/page_action.js"},{"block_hashes":["YdRqFX+t+eVXZ8MOH+sSKX6s93/LnZa23z+gAq94xwc="],"block_size":4096,"path":"src/tab_status_monitor.js"}],"version":2}