{"file_hashes":[{"block_hashes":["xUHPRkFO8rhqpiDkFNANo0/OVjCTIy21es2Dn/JYrjY="],"block_size":4096,"path":"background.html"},{"block_hashes":["40L/u+iHiDMeYgmWLwSKipjNYnCakAO+CPcKdIp1qRo="],"block_size":4096,"path":"css/options.css"},{"block_hashes":["mUloSYECB3SzaylvMddmb0GKx7aSVGrABnEH+fElKT8=","wf8iekucEcaVJm5oLzgJJG+LaqMmHvPRU3qO4NoqZ+A="],"block_size":4096,"path":"css/page.css"},{"block_hashes":["MhHHuhF1hh2uXfqeBIXUmPPfLSdBdi7dXgcoB+EyYGk="],"block_size":4096,"path":"css/print.css"},{"block_hashes":["qmYkcBBBir4EWxbzGpaDYRWd8wqeZlD2+Nj98OdzTd0="],"block_size":4096,"path":"i/32/wordpress.png"},{"block_hashes":["X6fZywMwjBrJTDXDPUVuYhwHnW1roaDJq0uftLoAw6U="],"block_size":4096,"path":"i/JWPlayer.png"},{"block_hashes":["dnNggw8zZfXfajdjs3kIPeqW8pDb2MovDmCZ/BMnbgY="],"block_size":4096,"path":"i/ad-adroll.png"},{"block_hashes":["cGSHzfh/PFDhn8aHvdDatI/V76GI3N01cl940NIM6Ac="],"block_size":4096,"path":"i/ad-bidvertiser.png"},{"block_hashes":["WgryfhZ1OpgGyG52VW2QLrNq++NmxCiqXyjEhFzOq0s="],"block_size":4096,"path":"i/ad-clickbank.png"},{"block_hashes":["YH30epq5C8QzYBL3edluf6rv86OFoPqOw6n6Gykx6dM="],"block_size":4096,"path":"i/ad-doubleclick.png"},{"block_hashes":["7HnthGvgnJqUsi9O6L9EWCeCoM+iwZZ4rPZR3i/+UG4="],"block_size":4096,"path":"i/ad-matomymedia.png"},{"block_hashes":["H0Q9n587EDxLIsJ4OFP3Jou/rBn8zJWVzQE8XPqenXo="],"block_size":4096,"path":"i/ad-po-st.png"},{"block_hashes":["SCA4ig2MYHYPyWPBFdl7ChFkds02dNklKmtbFexGvpM="],"block_size":4096,"path":"i/adbrite.png"},{"block_hashes":["21bbiFeLDPkDG6u2pdOMsNQzUKzog8hDCmNAx+hdqp0="],"block_size":4096,"path":"i/adbsa.png"},{"block_hashes":["Oy5vUx4vYo+3dNCHSKuGRoD0gwf/UskPJhyP5hYK+Fc="],"block_size":4096,"path":"i/addthis.png"},{"block_hashes":["K8TY1fX/D2oqYp++QtWs/Bb0Tw30JjLVc2q0FzWJlbQ="],"block_size":4096,"path":"i/addtoany-lockerz-share.png"},{"block_hashes":["hdLInDN0x9qoEcA/HuSc4NvFGTGYeYrIC+mn9XvTs1c="],"block_size":4096,"path":"i/adopenx.png"},{"block_hashes":["lZ9c0PdU1a/oqjzzRHVgObVKSRTWIKpZMXhuGTeEAFU="],"block_size":4096,"path":"i/adpw.png"},{"block_hashes":["Qj68zwqOb8ShUV7Re0VEfaKtvMbXfDZW+YEcaKCzdtE="],"block_size":4096,"path":"i/ads-infolinks.png"},{"block_hashes":["tZHEP9YRPKg97FHCrRejlSG7tT0sVp6Qm2TpPr5CSSU="],"block_size":4096,"path":"i/adsense.png"},{"block_hashes":["ab5ZRIyOuqQ3CnM9Y1OcDu6cTxxh9jiRfFsLGuOD/Bs="],"block_size":4096,"path":"i/amazon-widgets.png"},{"block_hashes":["hEU9zRJbpLxmRsbt0sQHPC9HsH9VjecKGhdMIFBHvrM="],"block_size":4096,"path":"i/animated-flying-twitter.png"},{"block_hashes":["FS3hU+61HhouDTLBcrU3bKRDm19TGjOntS2KDqoaJJs="],"block_size":4096,"path":"i/apache-flex.png"},{"block_hashes":["n6vIt/WBig5dXKZuI+7bXscZXM2sYDNZIe+iqp/eJR0="],"block_size":4096,"path":"i/apple_iweb.png"},{"block_hashes":["n6vIt/WBig5dXKZuI+7bXscZXM2sYDNZIe+iqp/eJR0="],"block_size":4096,"path":"i/apple_quicktime.png"},{"block_hashes":["n6vIt/WBig5dXKZuI+7bXscZXM2sYDNZIe+iqp/eJR0="],"block_size":4096,"path":"i/apple_quicktime_script.png"},{"block_hashes":["n6vIt/WBig5dXKZuI+7bXscZXM2sYDNZIe+iqp/eJR0="],"block_size":4096,"path":"i/apple_touch.png"},{"block_hashes":["G9T+ykvfF3ppuIPbi8XK/4FldD8WpbQDAW79HDRqXSU="],"block_size":4096,"path":"i/backbone.png"},{"block_hashes":["U59w67kOYa2W2PHJhwvsmufEJfxSZDsCD4ft4FO8W1E="],"block_size":4096,"path":"i/bitcoins-currency.png"},{"block_hashes":["fXpY2uDgSqxIDmvAhampa3IoM6EyRrpI6XaA8DIE+/Y="],"block_size":4096,"path":"i/blog-enki.png"},{"block_hashes":["DOdvDTtdaK3EVUupwI1oKzsl6xRdZvKuPZLnkMOHmm8="],"block_size":4096,"path":"i/blog-posterous-space.png"},{"block_hashes":["FyFHD/CHRCRnkOco/gMWQl4k4uYXhS9G+vBHWVICYog="],"block_size":4096,"path":"i/blog_tumblr.png"},{"block_hashes":["SskLTiu4VadC1x/K98dSvsm0nHz8xwBlDkith0bC3g8="],"block_size":4096,"path":"i/blogger.png"},{"block_hashes":["QDEefFKzOxW2/gkO1UMiX2/OTE4kMfRhSiqkNDWxbGc="],"block_size":4096,"path":"i/brightcove-videos.png"},{"block_hashes":["0sG1RvBeqbCKYgMCtD7vDJGjs2BbLBUKbDoo0tGJWqQ="],"block_size":4096,"path":"i/brighttag.png"},{"block_hashes":["JoipEDutqVJDslsUHH0sruq0ckWo6oVuvPwfpDcObdE="],"block_size":4096,"path":"i/cdn_cloudfront.png"},{"block_hashes":["xNQiYWiA7//nRoq7WSVwZuDUNVcv4Q4FoLo3NBDSu8U="],"block_size":4096,"path":"i/chat-chatango.png"},{"block_hashes":["NDjFG+KzxX4ZqomMkBBJJUbRmIHOYwcfHHe5W6OCEmM="],"block_size":4096,"path":"i/chat-liveperson.png"},{"block_hashes":["t7DZw5SNMegprWZAaPRCJZsCwWF7IwPH4Tj9D7XXy9o="],"block_size":4096,"path":"i/chat-olark.png"},{"block_hashes":["yKQom15/f1Xdj/Uz+08r45NGIQaeXtC//Kqh912wxLc="],"block_size":4096,"path":"i/chat.png"},{"block_hashes":["pn03uwtm8a7HCMb3YBE7UOqxkxcJaqxRC4NRjNCueB8="],"block_size":4096,"path":"i/civicuk-cookie-control.png"},{"block_hashes":["HtOIJDhTRLN+JE3TZjyO95zhHS+gDvPO1Zv+PhEQVjw="],"block_size":4096,"path":"i/clan-sphere.png"},{"block_hashes":["CVlVcHLQDkc9C+djTlrkJGQ/XQheghtKotYMTcUTo80="],"block_size":4096,"path":"i/cloudflare-email-protection.png"},{"block_hashes":["CVlVcHLQDkc9C+djTlrkJGQ/XQheghtKotYMTcUTo80="],"block_size":4096,"path":"i/cloudflare.png"},{"block_hashes":["S3OEelzo3YiUQkc0c1rqTvggTG9VP9C9qxg7T2LxaTc="],"block_size":4096,"path":"i/cms-alfresco.png"},{"block_hashes":["MzYqwfLIFeAt1G12yRWDNZIjPWkN+CfE40YDRnUJG7M="],"block_size":4096,"path":"i/cms-avactis.png"},{"block_hashes":["nuTrIq258P/ReVKmeMlitt32stFepA/YazBPUKvlUhc="],"block_size":4096,"path":"i/cms-berta.png"},{"block_hashes":["s5qFfXmEqf9kjuFyneyB6Ohelxz+U+CTmFP2f0SjjcM="],"block_size":4096,"path":"i/cms-bitrix.png"},{"block_hashes":["hCB7bMgEgv9tLjBh0HN6N1xBY+UeB3f49fR2ZlFXaCQ="],"block_size":4096,"path":"i/cms-browsercms.png"},{"block_hashes":["mTZQolcClz+p4Im8xcBdOa1cvgRiUIW1VWXFXCm6c8Y="],"block_size":4096,"path":"i/cms-concrete5.png"},{"block_hashes":["8dAagFbc0bPXvxdUM2PhNvcvNQ2aVmL8O9NTXornYiI="],"block_size":4096,"path":"i/cms-contenido.png"},{"block_hashes":["gV+pSsNQ4gd+XBwTJ1zsV5Mkw20b+voGBXQPzUp+9PE="],"block_size":4096,"path":"i/cms-cotonti.png"},{"block_hashes":["fXvDGsg40LFBuVziqBegCibirzNRrrHBSEYKg1Vu0D4="],"block_size":4096,"path":"i/cms-data-life.png"},{"block_hashes":["geIVzN15rZS+3on73xs9galzyaO2ZVZF6Nyo/uCF0fI="],"block_size":4096,"path":"i/cms-dragonfly.png"},{"block_hashes":["AXzEYP8RMx/asziF4WXd6egbRFjKQ2CThZt2/HetlPc="],"block_size":4096,"path":"i/cms-episerver.png"},{"block_hashes":["sT3CKs45aUzFEQsj1IrL22fnJw1l8wg+nIXkr5zQa60="],"block_size":4096,"path":"i/cms-expressionengine.png"},{"block_hashes":["MB76stqqbAajg/Yptjq3Akjalymro03D0iSlPPxiX/A="],"block_size":4096,"path":"i/cms-ez_publish.png"},{"block_hashes":["dUi05EZcAFZxrlOOrHnsjXZAw0b8YkFwIbihs37pY6U="],"block_size":4096,"path":"i/cms-fuel.png"},{"block_hashes":["nWp04NedNMB/wg1PySwRYm+8QK9dbp6ags2NZZjBj3A="],"block_size":4096,"path":"i/cms-getsimple.png"},{"block_hashes":["PrEpjv4JEgzm2/IN3NsR4xWGlqH0wex2feFaAZel0kE="],"block_size":4096,"path":"i/cms-halogy.png"},{"block_hashes":["8OG2tyaEAfucSh9Be4oqYFiS090gego0ZiqyRtZbxkI="],"block_size":4096,"path":"i/cms-impresspages.png"},{"block_hashes":["ggLeof4SzzWdvfCMN/ergipjaJ5/ZaR+B5pMOl5KfJo="],"block_size":4096,"path":"i/cms-koobi.png"},{"block_hashes":["5ux3LImQrsxV2Wxz/oYInqkrHIR93DqAnqblg1yBrfM="],"block_size":4096,"path":"i/cms-modx.png"},{"block_hashes":["3eQ1h9nO0CAFe4KADUmT78eYcfN1fU8pDa4w9oPtOYc="],"block_size":4096,"path":"i/cms-nucleus.png"},{"block_hashes":["AqYQDqB40fdWwyJtrrf5JC01UlBDHe+JXHjHGr+xAyo="],"block_size":4096,"path":"i/cms-orchard.png"},{"block_hashes":["RaAVDjccNvxH8KHUMyP5y8wdzCpLbW1W7agpUxIQbjg="],"block_size":4096,"path":"i/cms-percussion.png"},{"block_hashes":["+kfsfCwWBVZRUxJnFU2jd4gqsGRxIpnZ9WltJ+yKw/4="],"block_size":4096,"path":"i/cms-plone.png"},{"block_hashes":["jlpCp1k41hKZBWFXstXsLFqa4LUhViV4wDWT6VgvL9A="],"block_size":4096,"path":"i/cms-serendipity.png"},{"block_hashes":["t16ookkrhtw8iM7a+18i1uoONxODEyRYuqOVLnv44LQ="],"block_size":4096,"path":"i/cms-umbraco.png"},{"block_hashes":["USH45yrrAVVKc7FzSHMbfKpEpa0UrogeG+Y5fPGqbT8="],"block_size":4096,"path":"i/cms-webnode.png"},{"block_hashes":["/zeY5eKEi/lr6Qf6adEwOqlI2CZVfnYDeH1H21eEfk4="],"block_size":4096,"path":"i/cms_drupal.png"},{"block_hashes":["HecZrCUhl2WKDuH2EQStxPPwHRyhsOA9wS90SGHZtFg="],"block_size":4096,"path":"i/cms_joomla.png"},{"block_hashes":["A1SyszIMVM8RQ2wsAKbRwPUESsmOAUhrH8GRFUoU2OY="],"block_size":4096,"path":"i/cms_silverstripe.png"},{"block_hashes":["4PAIL2gUUWQYMos+wQc5IJEZ3vhTx3jxkdJ2xHX8lcs="],"block_size":4096,"path":"i/cms_sitefinity.png"},{"block_hashes":["c8YaZoZRmOYtbDL3q4zXMeTpZceqJO2ovPaM4pmDpZ4="],"block_size":4096,"path":"i/cms_textpattern.png"},{"block_hashes":["0es/+bVTQuVX/xH9ndOkds9m64wf0Z2syqOYkiZMYYg="],"block_size":4096,"path":"i/cms_typo.png"},{"block_hashes":["geGYwHT8Npa9L6biiHlZNy4n8QnQyYmJfzkp6otriAY="],"block_size":4096,"path":"i/cms_webgui.png"},{"block_hashes":["zinzWD5Tn8K6mnovxiP6bIMI+gPjFJD/bYYbu7Uus/g="],"block_size":4096,"path":"i/cms_xoops.png"},{"block_hashes":["S2Zfy0Hlame6po7+NckssPaOAb6lNODztM3Ga4oHjOE="],"block_size":4096,"path":"i/code-igniter.png"},{"block_hashes":["j+MmSGuThat5zdDpyzuP2A6uTZ2VWiQ4pXnxTC15/7A="],"block_size":4096,"path":"i/codes-ohloh.png"},{"block_hashes":["C16Kzlu8UQAYgLnYYCQICCgKGNC51TSPXIckTxJmc8Y="],"block_size":4096,"path":"i/coldfusion.png"},{"block_hashes":["mPhjZVTRZRqUDjrQQtdsB0wMZwhw1cu2jvZXVi2rju8="],"block_size":4096,"path":"i/commentluv.png"},{"block_hashes":["P76a8ztX1jeiPU7iKK49Jqt3dRxDHd2oZFdAyXbSfLM="],"block_size":4096,"path":"i/contactme_widgets.png"},{"block_hashes":["qOvRbjgty3Y0ZfAiox0oUg+aaWfdEw6xCPDFmUhfqrY="],"block_size":4096,"path":"i/conversionruler.png"},{"block_hashes":["YtjU1S8aCdkGaReRW/H9wSHgftzUAK1fDIRqi8iOYUU="],"block_size":4096,"path":"i/copyscape.png"},{"block_hashes":["dkODXBtHuSr017mhThphQONeWf9a2DQHww6kniavvcs="],"block_size":4096,"path":"i/cufon.png"},{"block_hashes":["WOcP8YRG4U1AaJSw2zt8AhKfMwqx+qUL4rJNYuk+ydA="],"block_size":4096,"path":"i/desk-com_support.png"},{"block_hashes":["NKJtQofcn2gyeAFEAbAF21tTqWsQYilqXEuU+D5m3oA="],"block_size":4096,"path":"i/disqus.png"},{"block_hashes":["Srv1JbWGCTjk9K8oTWEcPhKxHm/13FLR7TGE8rwGauI="],"block_size":4096,"path":"i/django-web-framework.png"},{"block_hashes":["DBmfjWMBzIvXhr5hMyhO5AGRk9E5rySFkny50SJKUIA="],"block_size":4096,"path":"i/doc_sphinx.png"},{"block_hashes":["Bc0uIs7/WZ9KyBAK2a017t6PB6+62ML8wCnP0JMB4Mo="],"block_size":4096,"path":"i/donate-chipin.png"},{"block_hashes":["hFVFKCc3kqsj9wT1kSkvEyPo58F3sAFXTFGXO7rZojY="],"block_size":4096,"path":"i/donate-flattr.png"},{"block_hashes":["0FL0GWNAG0mnbp5XVoQIiP5ytsp5Ft75XFlEyf1PoDk="],"block_size":4096,"path":"i/donate-pledgie.png"},{"block_hashes":["U1DpCazPZ+bIlZs2ts9huh+kKSOUrHw4Jh2T+Q2KNw0="],"block_size":4096,"path":"i/doxygen.png"},{"block_hashes":["i4LEJYQRktTbV8f/l6Tx0qVyyvoMYaMeJeg2wdOxs6I="],"block_size":4096,"path":"i/dreamweaver.png"},{"block_hashes":["Vx/vfWZYMQgw13LTimIHxWiNo6j0DIaAiKlmH0oqPYk="],"block_size":4096,"path":"i/dynamicdrive_dhtml.png"},{"block_hashes":["zTQrhm3JuowDum6JysIEsyG1EjARooiC8olTHQo/wvE="],"block_size":4096,"path":"i/easyXDM.png"},{"block_hashes":["TPjI+MyqirtydaZ5PDefZb7mQzIAVsbsqX+egPPLLC8="],"block_size":4096,"path":"i/email-benchmark.png"},{"block_hashes":["yyICWMkdqudfgUawNizP8NPmOUS62g1aWKYz+X08U74="],"block_size":4096,"path":"i/eventbrite.png"},{"block_hashes":["F4Ml9ZyBATBMlpGYAEJ+jfHI1R7AcxvF6yvVMyYOZHE="],"block_size":4096,"path":"i/extremetracking.png"},{"block_hashes":["YDqahPDglVhb05snzUxNGUpKRcZkNz1jbkk8KEEISVc="],"block_size":4096,"path":"i/facebook-videos.png"},{"block_hashes":["YDqahPDglVhb05snzUxNGUpKRcZkNz1jbkk8KEEISVc="],"block_size":4096,"path":"i/facebook.png"},{"block_hashes":["8nh5ZMoqlkzwIiAWA8OAGusm+IJ9/9d5IdXDkcfHFj8="],"block_size":4096,"path":"i/feedburner.png"},{"block_hashes":["JGL6K20ws6JQa1PMyEewajoqtBW0LyUtGEaaOiwH40A="],"block_size":4096,"path":"i/feedjit.png"},{"block_hashes":["Igm4cI+LtgBLurjYNqPzQFfRwhHympiVxv/4M2fIorY="],"block_size":4096,"path":"i/flickr.png"},{"block_hashes":["UIj37aHUO55Jqk95QwCfCVsi24TyRbNKXHOlXixC0yQ="],"block_size":4096,"path":"i/flowplayer.png"},{"block_hashes":["+4e+9WkHUDbzdeIQFAZTtT12M9gosMohvHtIDzGC8zU="],"block_size":4096,"path":"i/fontdeck.png"},{"block_hashes":["dOP9osJRmniYSmCD4SA/OS342zlaixYdSLLUZWm7glA="],"block_size":4096,"path":"i/fortawesome.png"},{"block_hashes":["ZnhN3PKgo0lCqXfRTDa90eFrdfcQOLIXRu/GWtt/pCo="],"block_size":4096,"path":"i/forum-bbPress.png"},{"block_hashes":["E8FqCebBDH5Mtit/UmBfCz98T0uc5sdLR+VKa2gxT9E="],"block_size":4096,"path":"i/forum-discuz.png"},{"block_hashes":["W2lgj3Xgs7e8OiDbnREiAAEpLt4x4vRlGsHKaE3ytR4="],"block_size":4096,"path":"i/forum-ipboard.png"},{"block_hashes":["0az/BErA1sgnmC0Sh8COZrPa2WZNq0p1d1G8pAm5NSM="],"block_size":4096,"path":"i/forum-liferay.png"},{"block_hashes":["nZmTtNBIBNJH4tgIw6KABOG5Lnliu9Vm4DPSsf/+fQs="],"block_size":4096,"path":"i/forum-mybb.png"},{"block_hashes":["FxWQXYGtUgmBUIDQW8NcYeyfp4ppnrXfjC+nf1e3QoQ="],"block_size":4096,"path":"i/forum-phpnuke.png"},{"block_hashes":["d168ElKqouyqqn4HdnCo9gjXaBuViEP1BDUmtIKq7Wc="],"block_size":4096,"path":"i/forum-vanilla.png"},{"block_hashes":["xfJI6OmshOzKyZVpkDxnV13tcMLLWewf14msm/D/VQc="],"block_size":4096,"path":"i/forum-xenforo.png"},{"block_hashes":["Ga+xM/qhmp8dPsGVnJD0lZgdyHF7LA5pzh4jDs0OpC4="],"block_size":4096,"path":"i/forum-yetanotherforum-yafnet.png"},{"block_hashes":["sHl+Ot/XD8p/HmNnabtHSPkQQMJSTSG+iICr8NXkUxs="],"block_size":4096,"path":"i/forum_phpbb.png"},{"block_hashes":["OZSWuQdfr8vZEA3iRlXCIlfQL1R21nl3cmM4+U00y4Y="],"block_size":4096,"path":"i/forum_simplemachines.png"},{"block_hashes":["9xWlMGUFOmaOvVYoDp82wPczcDxc8pxY4XOkrV3nojw="],"block_size":4096,"path":"i/forum_vbulletin.png"},{"block_hashes":["uRiNZBtFV/0VAbu6CeKhMblkRm8PV8vL8M6uf7DWJHE="],"block_size":4096,"path":"i/getglue-widgets.png"},{"block_hashes":["qnZD4eiN+ZYO6T618CMzbAKoSZKzx1vYmf2yQK8BiBs="],"block_size":4096,"path":"i/getresponse.png"},{"block_hashes":["nmtLh/AtIMPQyRe+v7Pzbpi6hOY0ujP4iBDrw9e8z6s="],"block_size":4096,"path":"i/getsatisfaction.png"},{"block_hashes":["B7T0egrJZ/9apuCB/T9CIUINgjjRwWVW9LOj2HS1LgI="],"block_size":4096,"path":"i/github-pages.png"},{"block_hashes":["rilbMing3sYZp4GhAqncu/xKHjKl6eAD1VtJnhoIRdk="],"block_size":4096,"path":"i/github.png"},{"block_hashes":["NEo5MyXOepHRBhP8Wb8DtX7ayJ2m8ozSSFJG+pyTnNI="],"block_size":4096,"path":"i/google-analytics.png"},{"block_hashes":["TumBdcIzZoqBOnAHQ39Jh6aBsTjhovMau+e9QNDwX1w="],"block_size":4096,"path":"i/google-calendar.png"},{"block_hashes":["6X5Esngv7fnvaw8SX02Yh/c97UdKzdvD44Fbox304MA="],"block_size":4096,"path":"i/google-charts.png"},{"block_hashes":["iV7JyOgl4+m5LTkPAIZ3VNCoPIbKpZX7MnYEM5dhNaw="],"block_size":4096,"path":"i/google-code-prettify.png"},{"block_hashes":["WkOkJ0UzmuoOjXOfA+6rFp963Ro0nvYqj6c273EL/DA="],"block_size":4096,"path":"i/google-cse.png"},{"block_hashes":["Tv96Q4KPtzPp0MprrRUxAzjNa77xvtAwf5aExt8fMCU="],"block_size":4096,"path":"i/google-developers.png"},{"block_hashes":["QWT56CDZNrSCdjR8n7DGPBxjUG7ClhMCqr2yQOlTmlM="],"block_size":4096,"path":"i/google-font.png"},{"block_hashes":["TumBdcIzZoqBOnAHQ39Jh6aBsTjhovMau+e9QNDwX1w="],"block_size":4096,"path":"i/google-friend-connect.png"},{"block_hashes":["TumBdcIzZoqBOnAHQ39Jh6aBsTjhovMau+e9QNDwX1w="],"block_size":4096,"path":"i/google-gadgets.png"},{"block_hashes":["TumBdcIzZoqBOnAHQ39Jh6aBsTjhovMau+e9QNDwX1w="],"block_size":4096,"path":"i/google-loader.png"},{"block_hashes":["4d8XwzX6qRkRbEEl3UC0a7f04c5E0r5V7GvS4DvlTIc="],"block_size":4096,"path":"i/google-maps.png"},{"block_hashes":["Qx1wcznDntyIyVTgrWUZG1hiTxVBc/h5hBbqSrnQcQY="],"block_size":4096,"path":"i/google-plusone.png"},{"block_hashes":["qLoRtD1spyl4ecR8UC9s7tcY60D6nQ6QSP7nTK0dd3E="],"block_size":4096,"path":"i/google-translate.png"},{"block_hashes":["tz5t3s3JwxR+2LK/SHxGGKa2gRl0H8C/rvXjN20Hl6Q="],"block_size":4096,"path":"i/gravatar.png"},{"block_hashes":["S6v7B/mmlUY+qyHR9zy6afxUYFwpgP29ZO9EPj2eH0E="],"block_size":4096,"path":"i/grid-960.png"},{"block_hashes":["4CxGJGz4v87mm1uRdaLMDKSajdHd0z0wX33qkZs/3rU="],"block_size":4096,"path":"i/helpden.png"},{"block_hashes":["qpxKqzxxmDMyJWZtbudxhhtEKQcLABGS40WK7sjqg3k="],"block_size":4096,"path":"i/howcast-videos.png"},{"block_hashes":["ORIO0vEpux/FyBQOb2DAHoaS/Hvn0/xe4T0rzkcnW2U="],"block_size":4096,"path":"i/html-kickstart.png"},{"block_hashes":["ORIO0vEpux/FyBQOb2DAHoaS/Hvn0/xe4T0rzkcnW2U="],"block_size":4096,"path":"i/html-signature.png"},{"block_hashes":["C2Eex0Iuhe/d6bStEu3UGMZDRRzq31pcIrHq3JfLjiw="],"block_size":4096,"path":"i/hubspot-marketing.png"},{"block_hashes":["8mta2eokbExKwYMD9zPWJbnyHqCsZyu6Lu/Dr9Jxtxc="],"block_size":4096,"path":"i/humans-txt.png"},{"block_hashes":["B56fInjSqQWNRjnlFDK87HZZlW5fSsaDmrcroKtVK2I="],"block_size":4096,"path":"i/imghost-photobucket.png"},{"block_hashes":["wb9Ilnn3CHUVekgMFJaKC6JolX4UFft2nAOLyG1qXj0="],"block_size":4096,"path":"i/infinite-scroll.png"},{"block_hashes":["WboBqYwsS9u4FZ8yV3iaI28sbUm1IXDSrGA1f+/UFAk="],"block_size":4096,"path":"i/infusionsoft.png"},{"block_hashes":["4cSPFOh6W8TQC3HUUUeZy1iLgp9AeWd7hjaY1GD6EC8="],"block_size":4096,"path":"i/jQuery-nyroModal.png"},{"block_hashes":["qg+0zUORRKFfxvZW4FHFYcSLSTMWtRyEbbGNXBnwEMA="],"block_size":4096,"path":"i/jobberbase.png"},{"block_hashes":["hsmQ3fQiYv0FN/OUYw/3EDOC5XKvoRSNILZHlSX4UfI="],"block_size":4096,"path":"i/jqtouch.png"},{"block_hashes":["vv9aNcnTjmC+eXGv0500FWM2TA+PlAVgZl0hljT3kw4="],"block_size":4096,"path":"i/jquery-masonry.png"},{"block_hashes":["u6TIiQlcyJ54Vk2IXRa7mBvdmEIXzBNXEUaEj9XHh58="],"block_size":4096,"path":"i/jquery-mobile.png"},{"block_hashes":["u6TIiQlcyJ54Vk2IXRa7mBvdmEIXzBNXEUaEj9XHh58="],"block_size":4096,"path":"i/jquery.png"},{"block_hashes":["u6TIiQlcyJ54Vk2IXRa7mBvdmEIXzBNXEUaEj9XHh58="],"block_size":4096,"path":"i/jquery_chili_code-highlight.png"},{"block_hashes":["u6TIiQlcyJ54Vk2IXRa7mBvdmEIXzBNXEUaEj9XHh58="],"block_size":4096,"path":"i/jquery_easing.png"},{"block_hashes":["u6TIiQlcyJ54Vk2IXRa7mBvdmEIXzBNXEUaEj9XHh58="],"block_size":4096,"path":"i/jquery_jatt.png"},{"block_hashes":["u6TIiQlcyJ54Vk2IXRa7mBvdmEIXzBNXEUaEj9XHh58="],"block_size":4096,"path":"i/jquery_mentions.png"},{"block_hashes":["u6TIiQlcyJ54Vk2IXRa7mBvdmEIXzBNXEUaEj9XHh58="],"block_size":4096,"path":"i/jquery_plug_AnythingSlider.png"},{"block_hashes":["u6TIiQlcyJ54Vk2IXRa7mBvdmEIXzBNXEUaEj9XHh58="],"block_size":4096,"path":"i/jquery_plug_GalleryView.png"},{"block_hashes":["u6TIiQlcyJ54Vk2IXRa7mBvdmEIXzBNXEUaEj9XHh58="],"block_size":4096,"path":"i/jquery_plug_cookie.png"},{"block_hashes":["u6TIiQlcyJ54Vk2IXRa7mBvdmEIXzBNXEUaEj9XHh58="],"block_size":4096,"path":"i/jquery_plug_cycle.png"},{"block_hashes":["u6TIiQlcyJ54Vk2IXRa7mBvdmEIXzBNXEUaEj9XHh58="],"block_size":4096,"path":"i/jquery_plug_growl.png"},{"block_hashes":["u6TIiQlcyJ54Vk2IXRa7mBvdmEIXzBNXEUaEj9XHh58="],"block_size":4096,"path":"i/jquery_plug_hoverIntent.png"},{"block_hashes":["u6TIiQlcyJ54Vk2IXRa7mBvdmEIXzBNXEUaEj9XHh58="],"block_size":4096,"path":"i/jquery_plug_isotope.png"},{"block_hashes":["u6TIiQlcyJ54Vk2IXRa7mBvdmEIXzBNXEUaEj9XHh58="],"block_size":4096,"path":"i/jquery_plug_spritely.png"},{"block_hashes":["u6TIiQlcyJ54Vk2IXRa7mBvdmEIXzBNXEUaEj9XHh58="],"block_size":4096,"path":"i/jquery_plug_timers.png"},{"block_hashes":["l5jQjyzG1XY/FFhVQe+E3G7qeClQANT7rRAzJmxyBSI="],"block_size":4096,"path":"i/jquery_roundabout.png"},{"block_hashes":["/Q1rqt/hs8cFOnMCFt//StyW6lJiYC6OOPT5apHMZds="],"block_size":4096,"path":"i/jqueryui.png"},{"block_hashes":["Fs/J3rOXtTf0RLKP/5GIqWgOOjHX87U+ZTK58JxXhgk="],"block_size":4096,"path":"i/js-angular.png"},{"block_hashes":["Kvrg+HziHueX4ctRWBtCPRMci5GN6xkvQy9AUU7jT/E="],"block_size":4096,"path":"i/js-qooxdoo.png"},{"block_hashes":["dMMMbtPhZXHoMbmhK1H1c3WeMdqKwi2j6QlwcGNapRc="],"block_size":4096,"path":"i/js-spine.png"},{"block_hashes":["KXBd+QlxIJryopqSKCCYCI32MOY8rDprh52f6buprxc="],"block_size":4096,"path":"i/js-three-3D.png"},{"block_hashes":["O/qcxI3G+m0clZ7Ecd59h2USWFwh7H5aZNEoD0tUIDI="],"block_size":4096,"path":"i/js_dojo.png"},{"block_hashes":["N7PRI24biUqYg43bXaXYkN86dw3jSe+au0VzY8Yrx6c="],"block_size":4096,"path":"i/js_headjs.png"},{"block_hashes":["EKmo2RANWNTQ9fUuYSOL6uBjKmo2zcSjD2dgoanbzIc="],"block_size":4096,"path":"i/js_raphael.png"},{"block_hashes":["9sG7SXdwDYJ7TbqE+G5B5mrsrzhK7usX/qHYI/Dm8v8="],"block_size":4096,"path":"i/jsfiddle.png"},{"block_hashes":["seq8kGVlJT5LZTsBwEzoru2lU0MF4ElsnHhpnHRZ2cI="],"block_size":4096,"path":"i/kampyle.png"},{"block_hashes":["PZf6wJ5K/WJj+oS3jkZ0TmyR3ySQ594gdawHCpzTtnY="],"block_size":4096,"path":"i/kickstarter.png"},{"block_hashes":["1QvCJqX0x8DsMdCCXuPOjssZ/9KzklLJxT5o6jEtT50="],"block_size":4096,"path":"i/kissinsights.png"},{"block_hashes":["tZHEP9YRPKg97FHCrRejlSG7tT0sVp6Qm2TpPr5CSSU="],"block_size":4096,"path":"i/linkbucks.png"},{"block_hashes":["q1jAELaU5KlVDSqKhRZz1J3nGoUKdRqSS2OGj3HOzRQ="],"block_size":4096,"path":"i/linkedin.png"},{"block_hashes":["GVd/2lCHz6WrWthgVVmDNlluddqPrJZB5vcvAppbEuQ="],"block_size":4096,"path":"i/magento.png"},{"block_hashes":["zaeH5WLAhonuSBGDVNxhbtu5nIPETg1yEN2dUsVVvqc="],"block_size":4096,"path":"i/mail-aweber.png"},{"block_hashes":["2qRGXyUxQnLZD7RtaFruo5Xc9xRG7ZVI9jE9/mB6W6E="],"block_size":4096,"path":"i/mailchimp.png"},{"block_hashes":["iDTJyKo0iwzlL3qLFXjRNJRhwrscWrQgNDl5zhGuJF0="],"block_size":4096,"path":"i/maps-kartograph.png"},{"block_hashes":["j+LxD6tg0AttoYMhEvZ0eOhtATQ+FcCa847A82nXbms="],"block_size":4096,"path":"i/maps_gotheresg.png"},{"block_hashes":["1V+UkROXNqjWYLCZEcWXBl2b0CbIszfRqoiJk3lWu4A="],"block_size":4096,"path":"i/maps_openlayers.png"},{"block_hashes":["tooS8RWj8bRgkeu49Czkn9pajnqasFxdRF31ecXLzLQ="],"block_size":4096,"path":"i/marketo-marketing.png"},{"block_hashes":["oaNmwbl2Bctc0qHlwxtMcMw+g8PQdySP0qh7mNEvLSA="],"block_size":4096,"path":"i/media-adobe-tv.png"},{"block_hashes":["FlpcE0L1ymwqUAbpLB7Fj+zqV3E0BhdzBNTx+mmaw14="],"block_size":4096,"path":"i/media-blip-tv.png"},{"block_hashes":["5tnm4MYlZDjkcz7NT34clJBHBeu9eH/ljIhSr94aY6Q="],"block_size":4096,"path":"i/meebo.png"},{"block_hashes":["KzksGxYH0fPWgQzqsrOykyfoCuERPzCRAxuiySuS5uA="],"block_size":4096,"path":"i/microsoft-frontpage.png"},{"block_hashes":["EsR2lMvWCyF/UszB2KsJzjbi3HTszyLwvRbfhoTTwH8="],"block_size":4096,"path":"i/microsoft-sharepoint.png"},{"block_hashes":["gIXhclwvj+5WcabVQzGoBK0yhl6MGMVhLSe24Q7rqtY="],"block_size":4096,"path":"i/modernizr.png"},{"block_hashes":["uQpTr0L3MmyYs5mY14k08a0Z/M10VW0w2++S33fNHqc="],"block_size":4096,"path":"i/mollom.png"},{"block_hashes":["aFi5JrS+wuVEZr5yCaPJKdrobcSK7cBIRzcv4rlBXA8="],"block_size":4096,"path":"i/mootools.png"},{"block_hashes":["aFi5JrS+wuVEZr5yCaPJKdrobcSK7cBIRzcv4rlBXA8="],"block_size":4096,"path":"i/mootouch.png"},{"block_hashes":["emlgN9FoKETXMfujXbikE6HMiKDOnnQg0uU9NpjkY6s="],"block_size":4096,"path":"i/ms-bing.png"},{"block_hashes":["4JOkPEtXxs57z/YpVDudiV+TJupevsMY2D8jMgsv9N4="],"block_size":4096,"path":"i/ms_asp.net.png"},{"block_hashes":["LTrLpphwFTr5tziFW+MvDiQQIYrAyfoMVQFp247lciY="],"block_size":4096,"path":"i/mustache-js.png"},{"block_hashes":["xm02G8haeWnr1P/NodeO8sqNqQBtzeqyQ0jtp1QLaLU="],"block_size":4096,"path":"i/networkedblogs.png"},{"block_hashes":["bCaLaZ9NRYhnj3/Rmwh1h15j3FZUXBbi4LjpmTXlEj0="],"block_size":4096,"path":"i/newrelic.png"},{"block_hashes":["u6TIiQlcyJ54Vk2IXRa7mBvdmEIXzBNXEUaEj9XHh58="],"block_size":4096,"path":"i/nivo-slider.png"},{"block_hashes":["W0NMGOe3mGAvNB2S52Hvw6rlyaA1Pd8nOMcA2Y2600E="],"block_size":4096,"path":"i/octopress.png"},{"block_hashes":["TrYxlG6eoh024E8ThjrAwCJpI03q8uUkwCx2bkmsxcU="],"block_size":4096,"path":"i/opencart.png"},{"block_hashes":["0sDhNRsvQDIkHchs6thYXIsMEo1ajgD0VVCmOOEZKQs="],"block_size":4096,"path":"i/opinionlab.png"},{"block_hashes":["zkfKZW/r9MMUEfqMwtRs52gbFNB9TpmQbTvJByEqZIY="],"block_size":4096,"path":"i/optimizely.png"},{"block_hashes":["8btNW8kzqDjOsztoMDE5mKkFC3GLBh+zFF8M0FcDnFE="],"block_size":4096,"path":"i/oscommerce.png"},{"block_hashes":["VnbbjA/izmVy+WoxVnq7J48tEZyW1OxC8Qm958q8A8M="],"block_size":4096,"path":"i/outbrain.png"},{"block_hashes":["IkUCnRMs2HtvlgjFtGfBC7tp5+xdY5IS92VSQjNHIyc="],"block_size":4096,"path":"i/pagepeeker.png"},{"block_hashes":["JG5YE/yd+X+/40JVLN33WZ11SS7VvSzNY3R30MyxpuU="],"block_size":4096,"path":"i/panoramio.png"},{"block_hashes":["e7EGzkTJwb0c1wcgICSZ/UrmU3CuiVvx9oKlkv0LCEY="],"block_size":4096,"path":"i/parallels-PleskLin.png"},{"block_hashes":["e7EGzkTJwb0c1wcgICSZ/UrmU3CuiVvx9oKlkv0LCEY="],"block_size":4096,"path":"i/parallels-PleskWindows.png"},{"block_hashes":["dM5FU0VNF1dApjqbQ0KLX+5wHlWG/Yy6ZPOjPwtegAs="],"block_size":4096,"path":"i/paypal.png"},{"block_hashes":["nKFDheJhyMjZ1xvvQuvYWMs5RN/yUOpw4Uu3H+m/ONM="],"block_size":4096,"path":"i/pbworks.png"},{"block_hashes":["S2i0A/OBXJUK8ZEJbLr3e5tEBseXDSG/sQxZTOqa4xs="],"block_size":4096,"path":"i/php.png"},{"block_hashes":["ZHjQWZXvJpf4TB0cEHOCegeDRMjA9GSsoWeFNYB5KsU="],"block_size":4096,"path":"i/php_cakephp.png"},{"block_hashes":["QFDmAkyTph8Sde7UZNkU5hAuh7/WcE4suXyNy0uU2MA="],"block_size":4096,"path":"i/phplinkdirectory.png"},{"block_hashes":["l5GpUTLSDcVsaJkk/oHBtaGG/TDeg+LFuJgl+rbPFsk="],"block_size":4096,"path":"i/picasa-google.png"},{"block_hashes":["GS6gwUGZyaLDGPqF8Nnezp92xbT1mbni7PcQOUpf1cg="],"block_size":4096,"path":"i/pinterest.png"},{"block_hashes":["RFh9LtcYQlYTmx0hLIDSSYPuRn5i1bI+i062JUcnk/4="],"block_size":4096,"path":"i/piwik.png"},{"block_hashes":["/2Z9wzcVdGuZqs2mTQLjxy5fSzb02jajeF8wtlMZqR8="],"block_size":4096,"path":"i/podtrac.png"},{"block_hashes":["C1Ep9qDgNwYidZM94f+nH7mCqra+Ef44h1i4KRxGG8A="],"block_size":4096,"path":"i/polldaddy.png"},{"block_hashes":["o5JUC2YJsGX472kTrq69p7J/S3i0C4cIfvfjyVYlzKk="],"block_size":4096,"path":"i/prestashop-ecommerce.png"},{"block_hashes":["Es3osLnua2AQRtcuHCBssnFJVVZbqirt2bKeerZFZ54="],"block_size":4096,"path":"i/pulsemaps.png"},{"block_hashes":["E0ioGDHINj543EZu80r7XeMdvmURUtqMvwVFKEyyE/8="],"block_size":4096,"path":"i/quantcast.png"},{"block_hashes":["45E9za6XzKkDbxJmxjMM3uBdke1HccKyU4JyLd38A/M="],"block_size":4096,"path":"i/rackspace-hosting-cdn.png"},{"block_hashes":["34VNI4mc2SFV2Q3fnccuPQtUe4xZPXJcHNE01XtsCaQ="],"block_size":4096,"path":"i/recaptcha.png"},{"block_hashes":["Pr0NSPQlzkZkMIWf3Ju+nJ5uMYZUpxbHPU1XhygGhxg="],"block_size":4096,"path":"i/repost_us_embed.png"},{"block_hashes":["4nkd2PJKBi+icKRxFCW6nOpK25hxzUdMD6YSsILdkXs="],"block_size":4096,"path":"i/ring-revenue.png"},{"block_hashes":["fXpY2uDgSqxIDmvAhampa3IoM6EyRrpI6XaA8DIE+/Y="],"block_size":4096,"path":"i/ruby-mephisto.png"},{"block_hashes":["fXpY2uDgSqxIDmvAhampa3IoM6EyRrpI6XaA8DIE+/Y="],"block_size":4096,"path":"i/ruby-on-rails.png"},{"block_hashes":["fXpY2uDgSqxIDmvAhampa3IoM6EyRrpI6XaA8DIE+/Y="],"block_size":4096,"path":"i/ruby-phusion-passenger.png"},{"block_hashes":["bymiN4OXGDfl+P+9H0ttACqXm4vHugP9amswsoXex68="],"block_size":4096,"path":"i/scorecardresearch.png"},{"block_hashes":["o63xcidJ5e5ALvEbqt3gkzxBS0tUdYZkxuuny9FLvHQ="],"block_size":4096,"path":"i/script_dd_pngfix.png"},{"block_hashes":["rj0RjMq07sV7kdvJSKs+23egtINWxkUeCYcURMm0p0c="],"block_size":4096,"path":"i/script_lowpro.png"},{"block_hashes":["T8erabL1vb2g7WM1PCJTOuNjfMKeTqUKA+nhwLbiYhI="],"block_size":4096,"path":"i/scriptaculous.png"},{"block_hashes":["nhAWcd2/VJxpdqJdrJmvd81q1w8CNpldIaWBzQCWNmk="],"block_size":4096,"path":"i/scrollback.png"},{"block_hashes":["q8/ihHSJRCUG084ufm2o4yAFkbqEeu3LNUiCw/BuvGg="],"block_size":4096,"path":"i/seo-prchecker.png"},{"block_hashes":["IaxRTHdyMZM6vHXArvLGwXT62dwUi765e8Jd8fcQoSk="],"block_size":4096,"path":"i/servers-CentOS.png"},{"block_hashes":["UNY9nr+XoNeLk8Ztc5V0VKiYFEAbfFpyVWvqsfay0Zk="],"block_size":4096,"path":"i/servers-IIS.png"},{"block_hashes":["FS3hU+61HhouDTLBcrU3bKRDm19TGjOntS2KDqoaJJs="],"block_size":4096,"path":"i/servers-apache.png"},{"block_hashes":["TumBdcIzZoqBOnAHQ39Jh6aBsTjhovMau+e9QNDwX1w="],"block_size":4096,"path":"i/servers-google-front-end.png"},{"block_hashes":["FmWPrRwIXL4ZN0cNUrFFaHbQheIQ3+ti46xK4vDzFWM="],"block_size":4096,"path":"i/servers-imb-httpserver.png"},{"block_hashes":["b6VNtkUzUThN7bygfSkDI+fT0jLj5wE+B8kMGs0VbeQ="],"block_size":4096,"path":"i/servers-litespeedtech.png"},{"block_hashes":["TEKWOp1+QQ3++WBawuew3PBcbICQK0mDh4dsJoaQgsk="],"block_size":4096,"path":"i/servers-ngnix.png"},{"block_hashes":["aIL/ef9ZDoHNS2oK+PA0ZUeHTSfNg6wE26g1df2i7M8="],"block_size":4096,"path":"i/servers-php.png"},{"block_hashes":["Ahq8tueR3lfHgEG1zEGYZnn79Z2QQDLEQsTtE4mUp5U="],"block_size":4096,"path":"i/servers-servaxnet.png"},{"block_hashes":["FNm3qggUrh7EO+oEjXxEiJddAIT7ke+eAnpsiYXUnzg="],"block_size":4096,"path":"i/servers-unix.png"},{"block_hashes":["ZK1ViDn1CpUG3ovG9mw/P6m3cYIyqdfZMjYEvxbDrXI="],"block_size":4096,"path":"i/servers-varnish.png"},{"block_hashes":["otUaBdrecI/RbIYm5Ifra6OHQJox5cH4Zp6VF6poNEQ="],"block_size":4096,"path":"i/sharethis.png"},{"block_hashes":["E/hdV5rcvIph2E59XV8OINakFlvn2T1g2/uzWLZkWTg="],"block_size":4096,"path":"i/shopify-ecommerce.png"},{"block_hashes":["AkrIXhOu0IoOoYmV2JhyLGIuiV4gdXqpY9Jb65QAIxs="],"block_size":4096,"path":"i/shopware-ecommerce.png"},{"block_hashes":["QNOv9uiyl30XOQ3EYLEKAwLuMpzVEvZkZwH3MP/jQQE="],"block_size":4096,"path":"i/sifr.png"},{"block_hashes":["hJNALsiAj+jpTG+fV5XJSLoybvOGuNzbanmjcueJIfY="],"block_size":4096,"path":"i/sitecatalyst.png"},{"block_hashes":["1Fiyf0fq2lfReSccST6dUteGuksiQYUW24xutEP87W4="],"block_size":4096,"path":"i/skype.png"},{"block_hashes":["f07M+B4UncBgT3fGoheO/GSi7m+QPg/XKTBE9+QmTpo="],"block_size":4096,"path":"i/slideshare.png"},{"block_hashes":["ZSveU0lCEQ6L5jpS2LtKLDA4N/ExF+RJdHy5BD8XyL0="],"block_size":4096,"path":"i/smartling.png"},{"block_hashes":["x7aAmParQZmwsbMEX56OY9hTF/8HK7QpDM4rooUKboc="],"block_size":4096,"path":"i/snapengage.png"},{"block_hashes":["VEC5KWC3nL14JtN7IyLTQMrqV8CIiBdlsF3pu5d+vJg="],"block_size":4096,"path":"i/soundcloud.png"},{"block_hashes":["FqyAsxRySNPJTPKNQOiPnn71fMUTK5lIuOHTKbjUNQY="],"block_size":4096,"path":"i/spotify.png"},{"block_hashes":["sQNHfTEh4AFZZlOMwB9uKmZ0IhgstVs7V7LRz+/p9ww="],"block_size":4096,"path":"i/statcounter.png"},{"block_hashes":["FXe/7h/qQgWH6Iq8+KLN5CeCSsI+dVyqgcWiKe305e0="],"block_size":4096,"path":"i/stats-alexa.png"},{"block_hashes":["DaYxRPUWj+cWBaZ8Bi6B+MvA8oDRX+OJMnPbQjwV6Gg="],"block_size":4096,"path":"i/stats-amungus.png"},{"block_hashes":["JThwiMaSpwLNk7wSUbYSnyEk8PRMS3iGnn2rieCTwIg="],"block_size":4096,"path":"i/stats-chartbeat.png"},{"block_hashes":["DK0KznnIUIMDOM8sDaho/jRtSHkOJwn7/FU+uyOLzlg="],"block_size":4096,"path":"i/stats-clicktale.png"},{"block_hashes":["FmWPrRwIXL4ZN0cNUrFFaHbQheIQ3+ti46xK4vDzFWM="],"block_size":4096,"path":"i/stats-coremetrics.png"},{"block_hashes":["BwCv2zbJer21hK42Ig5rZVFEt/efE3aaoPcbPrxCi7I="],"block_size":4096,"path":"i/stats-flagcounter.png"},{"block_hashes":["OXo8UNrZD+cAinb5LXX0o0yNbVTBtY7v0YzUUccz6jM="],"block_size":4096,"path":"i/stats-gostats.png"},{"block_hashes":["OByAQK3TrOBtI4Kl7rSa7t+GOhXJcWqX0mpxyu/glK0="],"block_size":4096,"path":"i/stats-mixpanel.png"},{"block_hashes":["RGrbjKtm+LsmPDo/lBWw8YCOXXgjS+seTbjc8v8oMdc="],"block_size":4096,"path":"i/stats-opentracker.png"},{"block_hashes":["ujPVRHQCRp6CHvGWE7/jG5DD3PCYECQ4f8+QaYlXJHw="],"block_size":4096,"path":"i/stats-parsely.png"},{"block_hashes":["hXB4ot9+VmoTB0BQY2lvZ2nljWrn+9fuh4+ZciWut/U="],"block_size":4096,"path":"i/stats-reinvigorate.png"},{"block_hashes":["GD+2BjH1Hy/W3m3UaTC4WFX6q5/il0aGf+YLONrD5c8="],"block_size":4096,"path":"i/stats-sitemeter.png"},{"block_hashes":["3EIr9Y1DC90KJ2nCG00iGKYPqU+Bg/8U1YLYZ9maMhQ="],"block_size":4096,"path":"i/stats-tynt.png"},{"block_hashes":["rfjm4bD8onzHmfur2pM3Mc0Vnzfo56cqT7/HAxq0IJY="],"block_size":4096,"path":"i/stats-woopra.png"},{"block_hashes":["4Tc3UPpzv0vDGgjzbP/L3F0SUWbJZE5S1nAj9DOlwOQ="],"block_size":4096,"path":"i/stats-wordpress.png"},{"block_hashes":["3EGGDU+u2+6wCGg9DZtoZ8zvRN7Wd+epxWxtEp7VTxY="],"block_size":4096,"path":"i/stats-xiti.png"},{"block_hashes":["YRaBEKugoT3GEWSDXxlcoJ2xbNfJUwyqZFFG73T9Bgk="],"block_size":4096,"path":"i/stats_getclicky.png"},{"block_hashes":["TG9B9sYH67LZ37Zz0tZZClu0oL8/zJwQ4leCAsNgzsw="],"block_size":4096,"path":"i/stats_prototype.png"},{"block_hashes":["nROg5acs4a6S51WGZl3I8hncHW4ssN5YgFqZtgwD1mo="],"block_size":4096,"path":"i/streampad.png"},{"block_hashes":["Fp9spf9QAYw6c/bhr6lcwHFz7l4K5UflyNIUkbhnuHk="],"block_size":4096,"path":"i/super-fish.png"},{"block_hashes":["MDp/VO3aoR+fGIzN1RWHW3HlZfKUddYUy0FpGg5hiHg="],"block_size":4096,"path":"i/surveymonkey.png"},{"block_hashes":["6VUQ5KmC6tNEhhCZ1y7SiSOu7rYTG0W9pKKkoDriH+o="],"block_size":4096,"path":"i/swfobject.png"},{"block_hashes":["iV7JyOgl4+m5LTkPAIZ3VNCoPIbKpZX7MnYEM5dhNaw="],"block_size":4096,"path":"i/syntax-highlighter.png"},{"block_hashes":["WrNUx90gb0c34zsFz65QeMH+J8dNVCMFhj504Agi0XM="],"block_size":4096,"path":"i/tripadvisor-tripwow.png"},{"block_hashes":["1dzGx2TEbvbAYanGniSRSomzkVZ0qFgBXAMZAqOXVq8="],"block_size":4096,"path":"i/twitter-bootstrap.png"},{"block_hashes":["BquPVzEMs1rI1gcFb17/9dfZhb6iRquFjY8nKkzGot0="],"block_size":4096,"path":"i/twitter.png"},{"block_hashes":["7d/QzEF14+f7bWLCKkrB3V5S8/o3R7EU2hgwBYWO5ss="],"block_size":4096,"path":"i/typekit.png"},{"block_hashes":["1d3RyEPIiCfG3e9HOpc0S1URs/vWMKr584Kyn8c7wcU="],"block_size":4096,"path":"i/underscore.png"},{"block_hashes":["jIBuJFmYkBMos9/+I51tma2RB3yN1PVihWNkGGNwIGw="],"block_size":4096,"path":"i/userecho.png"},{"block_hashes":["Byrq+AiidkduMNlG7AgbSEodJQSg6SNlGYGPccSA07Q="],"block_size":4096,"path":"i/uservoice.png"},{"block_hashes":["WF1jXVa5Cqbhm2PKpQB9dFyAyvkzRzcSU6m02CME+Rw="],"block_size":4096,"path":"i/vCita_widgets.png"},{"block_hashes":["2+IhZhu3bkAJWwKVpw0gRnFn88uOOFie4L45DbpBKD4="],"block_size":4096,"path":"i/vertster.png"},{"block_hashes":["PIe0QzjX9K2IAJJq5t1c+QbcKVCUdmND0AJuLBPQX7s="],"block_size":4096,"path":"i/video-streaming-viddler.png"},{"block_hashes":["pd/ATBDN1iUFtn6684fIAdhslYedlCL1Xwjr3TNwRfA="],"block_size":4096,"path":"i/videoplayer-kaltura.png"},{"block_hashes":["tvRDBpDfU8PFpDVO8jIVWWy/e/Km6W7zJ4q7gOtxpxE="],"block_size":4096,"path":"i/videos-wistia.png"},{"block_hashes":["P6h+5XGMF7obBKKw5usMPDcT1d2psiQocHAuKkM5+7c="],"block_size":4096,"path":"i/vimeo-videos.png"},{"block_hashes":["KpWkOCoHBuKd1XGwwiLCZ1/mA6dd5iwjPX6fF3kzZVQ="],"block_size":4096,"path":"i/visualwebsiteoptimizer.png"},{"block_hashes":["K3VcZ++1JVtPF6/+AuuHJmue5s35Oq4r5O1Gu0Xpnzc="],"block_size":4096,"path":"i/w3c-html5-logo.png"},{"block_hashes":["sjUlH6JVoSlLCvqLR4nO/fH7+0SjsrJY4kVKL7ILoqk="],"block_size":4096,"path":"i/webhost-weebly.png"},{"block_hashes":["CFnGrB3rED/qyKG8EiQfqQ7MrEJF5qLD++ZQnkdpdtM="],"block_size":4096,"path":"i/webs-com.png"},{"block_hashes":["o6dnutfRd1dxEbILYRrYc/BDqIxjUu0a/sa7z+q3v2g="],"block_size":4096,"path":"i/wepay-donations.png"},{"block_hashes":["zccT7404djoxaiJV25OH+xi4u7d2UDkBP6jWgmaYlIA="],"block_size":4096,"path":"i/wibiya.png"},{"block_hashes":["rkbnl78Dj23gCrjCQL/s8ueWpqcxRNXVHb77PUfGxpM="],"block_size":4096,"path":"i/wiki_dokuwiki.png"},{"block_hashes":["1Pbgw4D12VBPKR89Duktf0FEejREuXLk/Kp4TtuTHVk="],"block_size":4096,"path":"i/wiki_mediawiki.png"},{"block_hashes":["/5doGJSFF8iusnWrL/M0QOSS/AXh54rlrwlf+TZmGYw="],"block_size":4096,"path":"i/wiki_screwturn.png"},{"block_hashes":["Vo/7uvebF4R/R1w2cRZYsPHBsW0QRPrw8DiBXwRRDCE="],"block_size":4096,"path":"i/wordpress-com.png"},{"block_hashes":["4Tc3UPpzv0vDGgjzbP/L3F0SUWbJZE5S1nAj9DOlwOQ="],"block_size":4096,"path":"i/wordpress.png"},{"block_hashes":["4Tc3UPpzv0vDGgjzbP/L3F0SUWbJZE5S1nAj9DOlwOQ="],"block_size":4096,"path":"i/wp-twentyfourteen.png"},{"block_hashes":["CLvZxgIRQNCiwna2F8/afa6c6OWwdXKp3q5iluakRSA="],"block_size":4096,"path":"i/wpml.png"},{"block_hashes":["/sGh5idC1US7K+yelLFWGaLeCGRAhCVClW5aljnEQ0Q="],"block_size":4096,"path":"i/wufoo-forms.png"},{"block_hashes":["HzD+LnSIbFn2nFxi24JuNSYKmokuM3/H8iP0IsfxVYw="],"block_size":4096,"path":"i/yahoo-analytics.png"},{"block_hashes":["HzD+LnSIbFn2nFxi24JuNSYKmokuM3/H8iP0IsfxVYw="],"block_size":4096,"path":"i/yahoo-webplayer.png"},{"block_hashes":["HzD+LnSIbFn2nFxi24JuNSYKmokuM3/H8iP0IsfxVYw="],"block_size":4096,"path":"i/yahoo.png"},{"block_hashes":["zMqa27RTD9EjbTuqPvvv864VupmRoB5NSbOBe0d9jfM="],"block_size":4096,"path":"i/yii-framework.png"},{"block_hashes":["EJpR9zYUEKYTXXb0uFDzEJJnd4HGdm+5Cgu7DzgjsOw="],"block_size":4096,"path":"i/yola-synthasite.png"},{"block_hashes":["skpSJOj42KpK8kPa9z8OcIgulvoAOrLoemP3ZF+3xFs="],"block_size":4096,"path":"i/youtube-playlist.png"},{"block_hashes":["skpSJOj42KpK8kPa9z8OcIgulvoAOrLoemP3ZF+3xFs="],"block_size":4096,"path":"i/youtube.png"},{"block_hashes":["p4sTVh6f0iVcUNPjRYILYCBxB7c5J71KDIcz8qI+rJI="],"block_size":4096,"path":"i/zencart-ecommerce.png"},{"block_hashes":["8XxDcF12e+R1fokooMK7IMrq3X+C40ovfAx3aaOLs1Q="],"block_size":4096,"path":"i/zendesk.png"},{"block_hashes":["e0NQpR7vhyOFHIIxsSQKDhr/kW5G+SjbaUPaebRy/fc="],"block_size":4096,"path":"i/zepto-js.png"},{"block_hashes":["OknPc4ch6fHF8vtDSaWiQNXwi+21RA9RKY1RMfHZ3tc="],"block_size":4096,"path":"i/zopim-chat.png"},{"block_hashes":["NZ7jLztBtGuPTlgRQyxx95q71eG6XXWBT8slPFNoLq4=","UTfdky/uzHVFlNFLSmzSfxYiN8LxcQdWbIRCxuZv4AA=","gP+0mPUG5Kp3743ILhXc6noBYTo/BRFt+2NbtEytxmw=","ppLDOuAYqai9bYj/3YqjkfU4l+H5iBiSsk3+AQf6dlg="],"block_size":4096,"path":"icon_128.png"},{"block_hashes":["eYEU6UfBWJqQYeAs7zKxJkdFSRLi/aslSr4O0kSdstA="],"block_size":4096,"path":"img/close.png"},{"block_hashes":["JsNsCfgz/TxkeWYLr+ZJ6po7tCzPnKFAOpIZh4PDa6U="],"block_size":4096,"path":"img/folder16.png"},{"block_hashes":["nEe9EOLiLRfsOrctk01/GmDczDxP9Gz5oczA2Sslljw="],"block_size":4096,"path":"img/options.png"},{"block_hashes":["gHLWhA+cXlKsLLPNZT5bBqv3JeWq2XGIugBfKiPSNYY="],"block_size":4096,"path":"img/print.png"},{"block_hashes":["AW/FDSndSeicCXVlxcheht6X9jgO4zMerfOh34t47mY=","0ZhWFNcC5W/9lWQ0xJ+x97zItNq/XjlXvAwL1lteoAU=","bYeRpjQjW/xxVrZdNPhZOsvp79gUoiCSK0RqLz4FgU4=","oIV6mncQNlDgno0By9AC3vXoyTb0sv0LZK5g5Lk51iE=","WFa4v5kcOZhhawhx7sj6pFkw4JvjR91y/iLS+RwPJT0="],"block_size":4096,"path":"img/product-miniplayer.png"},{"block_hashes":["gd0A4OzP3+k2Fb/s02u/B+SlCjHJiQ/XzCI56+S7zxg=","YqJMW1hwD4hNy/GaK0CVlTkYZirarpP8XKEgNbw/6Gw=","AfR0njlhOiZHng+HC7ME6bDoU8hbLNJ+MsUxFS4SZEA="],"block_size":4096,"path":"img/product-tabscloser.png"},{"block_hashes":["2e4UZKzE5mY1jXIRaEa1g9orT9L5oHBBrsNk2M9+2oo=","pzcxoZU+Ypr+ekf7HjterCjhCKNGcPbG4dJnEKcLAZY=","fae/f+dbCoPvF47xa/A3QL+vV7GypCi74/1YZvrBk0A=","kUAKv3fZ2JlLuC+XA2PyGKPs2zo68ZFUcWOY2XIq5fo=","hfdixoeFctyrHSegOU5PsDzzWwGphzA5GJNCAvglkUM="],"block_size":4096,"path":"img/product-zoomhover.png"},{"block_hashes":["vJlcB+9H34LTT8Tl9BwFIONRKmmO4OK+skKZJ6n2/co="],"block_size":4096,"path":"img/px-top-logo.png"},{"block_hashes":["9g+ACBL9WL+r/BSSeaf87XECJlP9y1O2ADsYcyBGlrs=","VosD3TO4xLDXS2C+d479enFqNxBy18Mj+yY9l9Q/fTQ=","g9YYiFUffOWkiEKnKXDdj4Z1IQVztNWee3tg3v8/4cw=","xm6L4re/ZRoYksDYxS/03NVevi+TtXVVVjHcJkFTaE0=","rzsJkCyfMAbkBcK85QmuqmGuZDEJP/4ywf5tNXaPy98=","F68s94qK2vzYonSCm2gNPMWWdvESK7Lv75Ph0VroSUI=","ypB25ArV4ugv8YMekKnxpRl2XUQ/nUe84GDaKT7cCMk="],"block_size":4096,"path":"img/px_scanning.gif"},{"block_hashes":["FHTII8Q+m+dbDpyemzkkYHn4moZRMRgXYuQHvycCxMU=","5YKEDGO9MM5HSEBNMcDL9ySIRCix1ZUP/DaPxh+8/Qg="],"block_size":4096,"path":"js/background.min.js"},{"block_hashes":["nulX6vBXrvs9Ye//jkUSePHpkw9frvyseCFnqHliri0="],"block_size":4096,"path":"js/ga.min.js"},{"block_hashes":["mn3q0keulMxLylRC5T7DKRHIa3bRSdOS7DvULBXUx20=","/y/LzUw12g0R/88rSMNiqwHQayV2FFBNbMyfoXRutr4=","CRpXwap7/YEmdnYgoRLiy/AaxsFYmAFIaQNTWQIVYNY=","BrQZhXImbFy0Yyw3B2FUe+2KdvW1CiRyUL2zumg0OIE=","LgHdILFxOGcz89emok2EfNXMJ0xz0qtIxJTKi7IfvW0=","d6DEQcNVZnEbIL7dmnXwQiw8huyngJ62BMKoBJf8qnM=","JxK72HJ5gPUqwHQ/VqKAnuj5CrLgn1WyVGhmQjueOAg=","TZHgSw7DvTAM8KEPlJOhZEfQDCur10QW3z5Pfl/ZItY=","u88CGcsOMHstdYh57iC9y0Pf/4Zw+REJB9JPpwK8i98=","PdrvarsUpfdW4rEocneCiZQMjYbBOBGQD6qkUG2w5Mo=","KH/ZsM5d/HR6Rd+cBxYjNxMzHdgZbo214WFdDWZET6Q=","T1ryMs2FrTKv+H9KPv/dIp8FJpzCtgNulAUWWwsgbvg=","P9thNoZX4SGwkJD0Fo7GdExsN+jreac5du+dt0b7jw4=","U20Ph2rQkLz1FpJB0JDv352JYlj9+YxrJBN6+uGwB+Y=","5McMajvxm8g6HbvZFrU1hAn7A0nSEBaipZ/5gTRyrnE=","QACTLme5duf56gWQ27ZuRfN8XFm8vTKoB29L34ZGQN8=","quTaI0tr8XSyl1yYKC0R5MBCu/j4XgXwM+L1a99wHfU=","YjP5pMYJPdbbX/q6rJ/U0ntwjYkYAghGmLctgIAwjM0=","tLGNvjD26asLkmeAK3sppyTHzX0QPC8tg0UbaFBLtpM=","xUNIslITg/xEmvbdZiTx1hYlYqxk5gA7wWZCjyZl0rc=","7xQL7inrFJbaqXg8lV2sxWHhJNlmj/eJCRu2egZwkZM=","daIRJd8S0+ToFfnhxm/TqWUrAjDXrwxN1ehAYr3sg9c=","bRWLhNgmYyjMGU9bnREXIIOCj6tyZabyZU/DrehPjAY="],"block_size":4096,"path":"js/lib/px-jquery-1.7.1.min.js"},{"block_hashes":["Evbk320g740iszyPWZEMzFo6jX3TG3iiNkoA9ErBhaE="],"block_size":4096,"path":"js/options.min.js"},{"block_hashes":["Qa4oAYtYZNeoWPmAmLsz1ktIgaRXUEUCtMWz/U8rE7o=","cUCdrcAU8VcN10x8qFlx1ogYYBTHh7qVtGK9S9VYTVc=","T+15DBaZWODl7Ngxfwrolr9hizS8lPSGRD/ag4i1CYk="],"block_size":4096,"path":"js/page.min.js"},{"block_hashes":["2qPuzgrrh/13DOkfvg5Shli7OwfBB9CGSSSKKZ2Hn5U="],"block_size":4096,"path":"js/page_check.min.js"},{"block_hashes":["FRKhJhHTTJ8RCzsR6Vja+jgHReRSiOXBSlX1fIqublM=","zLTqj3wxe6hYBfd/D4J52GbBZ3l+elKOizhmQhFCnlQ=","PGoic4tgRWaqMSAIfC2la1l9wcOuI5FBvDYPK4ngRvQ=","8OnPbNJ7s5nzdi+d/NBdgk4m+H5Fg7k9l+McOsg8wcw=","R5/UaxNeB5CWDzlHRR5l75lOgBmbUq/UKlom0uVZAqU=","EFrgoWHLAJWzmkLImudX3uogj2RiXNDFInQLuPTy1yo=","/JWvxqTxSqzwSBK3MSxUqMckzxYqXuxgdt6cdDmo9kM=","Ln/tJaaz/M9DDz3BNKYmvBIpMulkJ90fFgS0Z2Oaoq0=","/stT4Du5d0e5B1wOjWnCQjWBKPkzUYfJKAzHzHYeSD4="],"block_size":4096,"path":"js/techs.min.js"},{"block_hashes":["S5b9l0UY03NKwr5QF9Nj9VVT77CGH98ct8/igqeuRqM=","QGovNQy6P5JxRhLr4giIESBQ/zyPyMTqOS7qBNtggGM="],"block_size":4096,"path":"options.html"},{"block_hashes":["M7sGbfVDU2g8iX9A4RQmPbdgwr8pHTw79hhzEAJ31Xk=","A337Avd0GsTjTx3AqW+Tk+d/OZxEjwnK3+t2EMrHXhI=","/YTZKgTXNAGzJhpVQLwWugCP4ssOMhk5lN3WmqSHMzk=","jQybifgS+okaBJEtr0NEmIELeDY8zcHPD1TJwvz6O+g=","Ww5FNIBKqOsBD0emPQSSORUrq8HdwzXWZ+WXtmMHcM8=","KzzjWiTU9eqCHr30R/3h9VfZuJw4DsTu3qRUrld6ty4="],"block_size":4096,"path":"static/bootstrap/css/bootstrap-responsive.css"},{"block_hashes":["sIWnVUzAf9rJPHeW2LMNc/XxR+QAg3AFHU9KPXqHTfs=","PiPRUx0hsu4+PDkh6TZ0fgzPce6nfsKyse8zv/JuPvA=","/QOvfT02A3mIuEjrkWibtDsNeuJOIhw5sycvtx+NyuE=","m6x/S7pm0nGMflykbdW45rZgdtKO7mafSIPqvTBJLiM="],"block_size":4096,"path":"static/bootstrap/css/bootstrap-responsive.min.css"},{"block_hashes":["Thx26KqOsIeX1BZEU13zSLj6iKxu0s6is8c8krC1gYs=","Gr2stE+whsgXN6Z8H99ItZb854UfUDEDR8VJZV+w1uc=","cAgrGNKLd+uG0lfxJKgW6a/L/DrAViW75teBADtOd9k=","jTy8SH5AC6rantpctU7wAb895mtYHx6VcIBziQvjxIE=","Rmin02H2+rl2fQFm3/uqH+h/NSeGMqEpNXySqJYdbHA=","obg3dPsdsDTtMhbNRzZdEYozbAwlkpErsbqaX/LgTBQ=","p2pUnNuboM27qKNQ8OYxYf7XcAiNPzn3q9xU9xOvkAY=","dAOSBWHPG/Kt57Z+WgIgcvaDCad5hB3j0DbcRVEZXF4=","JDBa8NRNalolNac0kFq+PXllynC6jhrBGvmN7cMPy50=","WO6NFIYcJPm2Ue3If0jMVQLKwoKnLMWJY6flIjbVd8Y=","O8f1zUH8yD9SoAVftZRCowBllprJhVbHj7H/eVnYuWI=","Einkwj4rSTH8jJP1s8lP815pxrx52nFtFHLOfne0A9o=","o/rF8nhIuGBWwAxqozvksSNOl1RQbEkPzxcjlIu2ugY=","l0Dte2tTxFOekgJNJg3EhI5Q+BHLSiPBkTc08XJcySY=","7RlAFwyS9a/teGKOqw6ycE5RK36YEhuWNQ1+wJHr6GE=","5z5ggiANJkXkg3HA66+TV8wUYZUnpDkopH35SE3wvxY=","w+s/ftItkKZ6GjfTK1BCoy7azArhDNs3BXAjNNEU8b0=","iOA3Xa47rG/CN2SylsKUxtZvC1TZfZNMNurx2BRWaFw=","lGEwdYJ9uEoDvJe0ucWbY41LitGtq7RoBL+v7akuQ9g=","jISTVctEwbeJ5QR9/RbZ0DjbvYX9b63Nq4zND5hU2kM=","XSlt0yWZdl/5nTC1GpVJDDgKi8EBfz7LGmEQZ+zKN88=","SfOtZPWoRImWX2MBYXBrDUC34/IV39G0akzeFMo0Bww=","rbHTdU4AsUSF5mCFcotVR9QLZv0STcAypm+tdnT5sJc=","JRR+5xFLdNIm1x/xeg0+vL7ffG1IeJAaO3rcUG9L50c=","UcpWuUzEYcbcrFuLUx33LUEScWHyNuJcLkn9LU+yLUM=","5Q2gG2D7mhMs/xszlm1ZF7TyIlVD5n+KblyJhNSkcqk="],"block_size":4096,"path":"static/bootstrap/css/bootstrap.min.css"},{"block_hashes":["65yH2ItZir+9vEInguaLdhEiuvshZUHw947xxH/jP0Q=","tqJ0XFZ6R82/Q09gMkWYglF+FQOohmVUP0xfJBtOG9s=","Uy3xZs3AcWEiyN0u469dBCybS4H7ptOuSqznilReKiQ=","tGh/yGSbf9R4PrXyWxjbB40qeDKP0G/GCH6ZyrjY3y4="],"block_size":4096,"path":"static/bootstrap/img/glyphicons-halflings.png"},{"block_hashes":["zNgs+NjkH5FqCL36KnXxlvLh0lCFwRAB7Hq1lYOGISI=","utKFQS9sCV9/WNPxbZFtzSeAE5cwosH5lRQozKF/xeE=","CsjJYEsfl3/koUTM0zB5uE5j3DDSUtQp827/cUtNcnw=","dCfaBAAeHsZhmU7H7A+txVxoijq2cC3s4OlZnwIGeZg=","0LQ6paBUATx7sWSiC/+MXPjgWh/2v1R+JaPLRsiUfdg=","DyA6HSnUx/G/1B6YM6Qa3bWJewZGthcM/4mbBFw/8Cw=","wd8Zoji4YlmCwE2ChfimJaDu+eqqj6keKWrZRyesLQg=","H3oC427HyuIDcoskFyzWJ4TMaScU3xam762+cUgz1Os="],"block_size":4096,"path":"static/bootstrap/js/bootstrap.min.js"},{"block_hashes":["6qUQBkMWUfX8cLksT6UzLoI5vPOME7NalRv6i3w+Bfo="],"block_size":4096,"path":"static/html/page_technologies.html"}],"version":2}