{"file_hashes":[{"block_hashes":["jJ0tJ5bOZo9kh3ZJl/7h1nMvp3lU4h5nFCrvp8cxulU="],"block_size":4096,"path":"background.html"},{"block_hashes":["E/9ckF1SoFJO9gGqiPlVDrtcmPWWgn1yGHznj9aLPEw=","hxXSxIW5tdB8yxJ3OQMmy5h32bN3iDu39YBkBLnS1Oc=","GV5byqVTCl9XfcL4Abev6Ai/al/yZf7GUE+n648Hhgo=","m7QCXVVqFoh8b/yzkYy7QWBrSduj5XPKuH40xcYnrnw="],"block_size":4096,"path":"css/options.css"},{"block_hashes":["2Efx5kzK9MHSuqDSdmOY0ZQu64hu8Dhkc7NoCnww8YM="],"block_size":4096,"path":"icons/icon-allow.png"},{"block_hashes":["TsSoObycpy6sSQjVqS1JUY0XN5LYtW7CSJrhgcj0a0w="],"block_size":4096,"path":"icons/icon-block.png"},{"block_hashes":["oUw7BsDjNfAvDKUreH+KgEegktIScWQ2eHdG2KbNvzk="],"block_size":4096,"path":"icons/icon-inactive.png"},{"block_hashes":["P+ZDAi9ge5rG27myb8AiaHzmMaeFc9iT3ohUJ4cmTaY=","Wz+mNjPl4B6tpRBkjnpJcvkzEvNKfQOD4Mep87mV0Kg=","85Noe5hpImAvvN4+2o3459N9W0SeCRD1Rin03drpqgg=","EBtr6rJS7pD+rugYwKt310Plcgeu/2i6sxB3x0WGeCU=","WARq/umv/657R0WTgpBx54gON5IvkBRGD/2QRLkqkhA="],"block_size":4096,"path":"js/core.js"},{"block_hashes":["dKh8q0idbFg+lVLaaT+VGIxMu4zfJBL6g9imO1/uhJo="],"block_size":4096,"path":"js/options.js"},{"block_hashes":["1nPw2z4XHyfizwfMzqiLBf0QGpmV+rEls863nBi2Sbo="],"block_size":4096,"path":"options.html"}],"version":2}